Sequence,Non-AMP score,AMP score
RCFCRRGVC,1.6850775e-08,1.0
GFCRCLCRRGVCRCICTR,6.2232533e-07,0.9999994
RCICRRGVC,2.215168e-06,0.9999978
GLLCYCRKGHCKRGERVRGTCGIRFLYCCPRR,3.5141218e-06,0.9999964
GIIKKIIIKKIIIKKIIIKKI,5.507675e-06,0.9999945
FFPIGVFCKIFKTC,5.922279e-06,0.9999941
GICRCLCRRGVCRCICV,8.229908e-06,0.9999918
RCVCRRGVCRCVCTRGFC,1.4640165e-05,0.99998534
RCYCRRRFCVCVGR,2.3409737e-05,0.9999766
ECYCRRRFCVCVGR,2.4152465e-05,0.99997586
RCLCRRGFC,2.7009048e-05,0.99997294
YCYCRRRFCVCVGR,2.7599353e-05,0.9999724
FLPIIAGAAAKVVEKIFCAISKKC,7.065671e-05,0.9999293
RGGRLCYCRRRFCVCR,8.744389e-05,0.9999125
GICRCICGKGICRCYCGR,9.210797e-05,0.999908
RGGRLCYCRRRFCVCT,0.00011039135,0.99988955
FFPIVAGVAGQVLKKIYCTISKKC,0.000114250535,0.99988574
KVIEVVQGACKAIKHIPKKIKQGLEKIL,0.0001196581,0.9998803
IIGLVSKGTCVLVKTVCKKVLKQG,0.00012949883,0.9998705
RGGRLCYCRRRFCVCF,0.00013363878,0.99986637
ATCYCRRGRCATRESLSGVCEISGRLYRLCCR,0.00013826636,0.9998618
ATYDGKCYKKDNICKYKAQSGKTAICKCYVKVCPRDGAKCEFDSYKGKCYC,0.00014418917,0.99985576
ACYCRRRFCVCVGR,0.00015191709,0.9998481
AFFDEKCDKLRGTCKNSCEKNEELASFCQKSLKCCRTIQTCGNTTD,0.00016038818,0.99983954
GVCRCICGRGVCRCICGR,0.00016749876,0.9998325
RRWCFRVCYKGFCYRKCRG,0.00017042138,0.99982953
AFFDEKCDKLRGTCKNSCEKNEELTSFCQKSLKCCRTI,0.00017903135,0.999821
RGGGLCYCRRRFCVCVGR,0.00018303386,0.99981695
DKLIGSCVWGAVNYTSNCRAECKRRGYKGGHCGSFLNVNCWCET,0.00018912854,0.9998108
RGGRLCYCRRRFCVCE,0.00020746604,0.9997925
KKFFLKVLTKIRCKVAGGCRT,0.00021078292,0.99978924
SCASRCKSRCRARRCRYYVSVRYGGFCYCRC,0.00021269647,0.9997873
SKKLICYCRIRGCKRRERVFGTCRNLFLTFVFCCS,0.00021501846,0.999785
LRDLKCFCRRKSCNWGEGIMGICKKRYGSPILCCR,0.00022702896,0.9997729
RTAIHRALICKRMEGHCEAECLTFEVKIGGCRAELTPYCCKRT,0.00023167263,0.9997684
ACYCRIPACFAGERRYGTCFYLGRVWAFCC,0.00023503903,0.9997649
FLPAVIRVAANVLPTVFCAITKKC,0.00023690319,0.9997631
GICYCICGKGICRCICGR,0.00024563816,0.9997543
VTCFCKRPVCDSGETQIGYCRLGNTFYRLCCRQ,0.00024691294,0.9997531
GLPVCGETCVTGSCYTPGCTCSWPVCTRN,0.00025429274,0.99974567
IKKILSKIKKLLK,0.00025592762,0.99974406
VVQGICRAIRHIPRRIR,0.0002566297,0.9997434
LSKKLICYCRIRGCKRRERVFGTCRNLFLTFVFCCS,0.00026532807,0.9997347
VTCDLLSFEAKGFAANHSLCAAHCLAIGRRGGSCERGVCICRR,0.00027189602,0.99972814
GLFDIVKKIAGHIAGSI,0.00027197736,0.99972796
FYCVIERLGVCLY,0.00028355716,0.99971646
FKCRRWQWRWKKLGAKPVPIIYCNRRTGKCQRM,0.00028376305,0.9997162
LGWGRRCPQCPRCPSCPSCPRCPRCPRCKCNPK,0.0002862878,0.99971366
LTCTNPTCSAQCRGRGYRRGSCTIGRCFCSYV,0.00029452436,0.99970555
DKLIGSCVWGAVNYTSNCNAECKRRGYKGGHCGSFLNVNCWCET,0.0003086293,0.99969137
AAHGACHVRNGKHMCFCYF,0.0003328094,0.99966717
GLFAVIKKVAKVIKKL,0.0003343298,0.99966574
KWKKFKKIGAVLKVL,0.00035110573,0.9996489
FLPAVIRAAANVLPTVFCAISKKC,0.00035375907,0.9996462
LPAVIRVAANVLPTVFCAITKKC,0.00035560655,0.9996444
GLLDTIKNMAINAAKGAGVSVLNALSCKLSKTC,0.0003636484,0.99963635
GLPVCGETCTLGKCYTAGCSCSWPVCYRN,0.00037049135,0.99962956
KKKFPWWWPFKKKCKKKFPWWWPFKKKC,0.00037048056,0.9996295
FTCNSYACKAHCILQGHKSGSCARINLCKCQR,0.00039574734,0.9996042
LFCRKGTCHFGGCPAHLVKVGSCFGFRACCKWPWDV,0.00039979597,0.99960023
NPVTCLRSGAICHPGFCPRRYKHIGTCGLSVIKCCK,0.0003999289,0.9996
FTQGVRNFVTCRINRGFCVPIRCPGHRRQIGTCLAPQIKCCR,0.0004067785,0.9995932
FLPIIAGVAAKVLPKIFCAISKKC,0.0004107648,0.9995892
ILDTIKEVGISAVQGAAQSFLSTLSCKIAKTC,0.00041196434,0.999588
GLLDPIKNMALNAAKSAGVSVVNTLSCKLSKTC,0.00041322748,0.9995867
GLRPPIRCKAAFC,0.0004317492,0.9995683
QKLCQRPSGTWRGVCGNNNACKNQCIRLEKARHGSCNYVFPAHKCICYFPC,0.00044412256,0.9995559
SCTTCVCTCSCCTT,0.00046341083,0.99953663
GWWNSWGKCVAGTIGGAGTGGLGGAAAGSAVPVIGTGIGGAIGGVSGGLTGAATFC,0.00046721235,0.99953276
ELCEKASKTWSGNCGNTGHCDNQCKSWEGAAHGACHVRNGKHMCFCYFNC,0.00046756538,0.99953246
CLSGRYKGPCAVWDNETCRRVCKEEGRSSGHCSPSLKCWCEGC,0.00046979112,0.9995302
FLPGLIKAAVGIGSTIFCKISRKC,0.00048027595,0.9995197
GFTQGVRNSQSCRRNKGICVPIRCPGSMRQIGTCLGAQVKCCRRK,0.00048459292,0.9995154
GWLKKIGKKIERIGQHTRDATIQGVGIAQQAANVAATAR,0.00049693737,0.999503
LLAGLAANFLPTIICKISYKC,0.00051951874,0.9994805
QNNICKTTSKHFKGLCFADSKCRKVCIQEDKFEDGHCSKLQRKCLCTKNC,0.00054673787,0.99945325
NPVSCVRNKGICVPIRCPGSMKQIGTCVGRAVKCCRKK,0.0005474438,0.99945253
DKLIGSCVWGAVNYTSNCNAECKRRGYKGGHCGSFANVNCWCER,0.0005545314,0.99944544
RWKIFKKIEKVGQNIRDGIVKAGPAVAVVGQAATI,0.00057404896,0.99942595
QKLCERPSRTWSGVCGNNNACKNQCINLEKARHGSCNYRFPAHKCICYFPC,0.0005745955,0.9994254
QKLCQRPSGTWSGVCGNNNACKNQCIRLEKARHGSCNYVFPAHKCICYFP,0.0005750046,0.99942505
GAFGNLLKGVAKKAGLKILSIAQCKLSGTC,0.0005768657,0.9994231
GLLDTIKNMALNAAKSAGVSVLNTLSCKLSKTC,0.0005784933,0.9994215
GIFDSIKEGFKNAAVTLLNKIKCKISECPPA,0.0005964908,0.9994035
DKLIGSCVWGATNYTSDCNAECKRRGYKGGHCGSFWNVNCWCEE,0.00060860073,0.9993913
ATCYCRTGRCATRESRSGVCEISGRLYRLCCR,0.000612326,0.9993877
GLFDIIKKVASVVGLASQ,0.00061512203,0.9993849
RCICRLRFC,0.00062385574,0.9993761
QKLCQRPSGTWSGVCGNNNACKNQCIRLEKARHGSCRYVFPAHKCICYFPC,0.00063048245,0.9993695
GSIPACGESCFKGKCYTPGCSCSKYPLCAKN,0.0006333661,0.99936664
DKLIGSCVWLAVNYTSNCNAECKRRGYKGGHCGSFLNVNCWCET,0.0006351998,0.9993648
NPVTCIRSGAICHPGFCPGRYKHIGVCGVPLIKCCK,0.00065570517,0.9993442
GWLKKIGKKIERVGQHTRDATIQVIGVAQQAANVAATAR,0.00067574234,0.9993243
RRWCFRVCYRGRFCYRKCR,0.0006774075,0.99932265
ACEFQSCWVTCQRKYNIYFRKAYCEKSKCICVYNYGG,0.0006781465,0.9993218
FDIVKKIAGHIAGSIG,0.00068452006,0.9993155
FLPLLAGLAANFLPTIICKISYKC,0.0006861753,0.99931383
FLPVIAGVAAKFLPKIFCAITKKC,0.00068884884,0.99931115
SFLTTVKKLVTNVAALAGTVIDTIKCKITGGCRT,0.0006892621,0.99931073
KFKKFKKFKKFKKFKKFKKFKKFKKFKKFKKFKKFK,0.0007096874,0.99929035
QKLCERPSGTWSGVCGNNNACRNQCINLEKARHGSCNYVFPAHKCICYFPC,0.0007099101,0.99929005
AMWKDVLKKIGTVALHAGKAALGAVADTISQ,0.0007201083,0.9992799
LRVRRTLQCSCRRVCRNTCSCIRLSRSTYAS,0.0007215443,0.99927855
GICICICGRGICYCICGR,0.0007274699,0.99927247
GLLSGLKKVGKHVAKNVAVSLMDSLKCKISGDC,0.0007279569,0.99927205
QKLCERPSGTWSGVCGNNNACKNQCINLEKARHGSCNYVFPAHKCICYFP,0.00072916114,0.9992708
RCICVRGVC,0.000729359,0.9992707
YCERSSGTWSGVCGNSGKCSNQCQRLEGAAHGSCNYVFPAHKCICYYPC,0.0007373921,0.9992626
DTHFPICIFCCGCCHRSKCGMCCRT,0.0007376956,0.99926233
SFPFFPPGICKRLKRC,0.0007399423,0.99926007
LIHKVTKVQQLCAFNQDMAGWCEKSCQAAEGKNGYCHGTKCKCGKPLSYRRK,0.00075628643,0.99924374
GICRCICGRKICRCICGR,0.00075928215,0.99924076
LIRRLGQRIRRPIHRIARCAGQVV,0.0007611242,0.9992389
KLCERPSGTWSGVCGNNGACRNQCIRLERARHGSCNYVFPAHKCICYFPC,0.0007702465,0.9992297
ACYCRIPACLAGERRYGTCIYQGRLWAFCC,0.0007798533,0.99922013
EGVRNFVTCRINRGFCVPIRCPGHRRQIGTCLGPQIKCCR,0.00078555534,0.9992145
GLFDIVKKIAGHIVSSIG,0.0007888834,0.99921113
GDACGETCFTGICFTAGCSCNPWPTCTRN,0.00078889856,0.9992111
FLPPCAYKGTC,0.00079174887,0.9992082
QKLCQRPSGTWSGVCGNNNACKNQCIRLEKARHGSCNYVFPAHQCICYFPC,0.0007954286,0.99920464
GLFDIVKKVVGTIAGL,0.00079634355,0.9992037
GLLSGILGAGKHIVCGLSWLC,0.000799643,0.99920034
FLPIVASLAASFLPKIICKITKKC,0.0008028615,0.9991971
ATCDLLSGLGVNDSACAAHCIARGNRGGYCNSKKVCVCRN,0.0008193931,0.9991807
FLPAIVGAAAKFLPKIFCVISKKC,0.0008267072,0.9991733
GIGDPVTCLKSGAICHPVFCPRRYKQIGTCGLPGTKCCKKP,0.00084144634,0.9991585
GLFTLIKGAAKSIGKTVAKEAGKTGLELMACKITNQC,0.0008453655,0.9991546
RTAIHRALICKRMEGHCEAECLTFEVKIGGCRAELAPFCCKNT,0.0008480084,0.99915195
FTQGISGPLSCRRNGGVCIPIRCPGPMRQIGTCFGRPVKCCRSW,0.0008670738,0.99913293
IKCNCKRHVIKPHICRKICGKN,0.0008723783,0.9991276
LQDAALGWGRRCPRCPPCPNCRRCPRCPTCPRCNCNPK,0.0008843331,0.9991157
LLAGLAANFLPKIFCKITRKC,0.0008909623,0.999109
FLPLIAGVAASILPKIFCFITKKC,0.00089279824,0.9991072
FLSTLLNVASNVVPTLICKITKKC,0.0008947071,0.9991053
GLFSKFAGKGIKNFLIKGVKHIGKEVGLDVIRTGIDVAGCKIKGEC,0.00089586474,0.99910414
QKLCQRPSGTWSGVCMNNNACKNQCIRLEKARHGSCNYVFPAHKCICYFPC,0.00089982804,0.99910015
RLCRIVVIRVCR,0.0009180592,0.99908197
DTTFCRCRVSCNILEKYSGKCELSGRTARICC,0.00092444656,0.9990756
VFDERCHRLKGTCVGYCKKNEEIIALCQKSLKCCLTIQPCGKIRE,0.0009270642,0.9990729
ILGPVLGLVGNALGGLIKKI,0.0009304646,0.9990696
GTKALTEVIPLTC,0.0009529529,0.99904716
GLFKVIKKVASVIGGL,0.00096057705,0.9990395
RCICTTRTCRFPYRRLGTCLFQNRVYTFCC,0.0009765429,0.99902344
GLFSKFAGKGIKNFIIKGVKHIGKEVGMDVIRTGIDVAGCKIKGEC,0.0009780481,0.99902195
QKLCERPSGTWSGVCGNNNACKNQC,0.0009861836,0.9990138
IDSVKCFQKNNTCHTIRCPYFQDEVGTCYEGRGKCCQKRLLSIRVPKKKV,0.000991825,0.99900824
GLFSKFAGKGIKNFLIKGVKHIGKEVGMDVIRTGIDVAGCKIKGEC,0.0010064782,0.9989936
QKLCERPSGTWSGVCGNSNACKNQCINLEKARHGSCNYVFPAHKCICYFPC,0.0010331891,0.9989668
RIVDCKRSEGFCQEYCNYLETQVGYCSKKKDACC,0.0010359914,0.99896395
FFPNVASVPGQVLLKKIFCAISKKC,0.0010431065,0.9989569
RWKFFKKIEKVGQNIRDGIIKAGPAVAVVGQAASIT,0.0010455609,0.9989545
RVIRVVQGACRAIRHIPRRIRQGLERIL,0.0010637084,0.9989363
FLGSLLGLVGKIVPTLICKISKKC,0.0010683871,0.9989316
GFGCPFNQGACHRHCRSIRRRGGYCAGLIKQTCTCYRN,0.00107291,0.99892706
GLLSGILGAGKHIVCGLSGLK,0.0010831779,0.9989168
EGVRNHVTCRINRGFCVPIRCPGRTRQIGTCFGPRIKCCRSW,0.0011115887,0.99888843
LPLIAGLAVNFLPKLFCKITKKC,0.001125247,0.9988748
EKARHGSCNYVFPAHKCIC,0.0011363042,0.9988637
GLFDVIKKVASVIKKL,0.001155958,0.998844
GILSTIKDFAIKAGKGAAKGLLEMASCKLSGQC,0.0011561433,0.99884385
KNLRRIIRKIIHIIKKYG,0.0011596946,0.9988403
RYHMQCGYRGTFCTPGKCPHGNAYLGLCRPKYSCCRW,0.0011673465,0.9988326
QKLCQRPSGTWSGVCGNNNACKNQCIRLEKARHGSCNGVFPAHKCICYFPC,0.0011687176,0.9988313
GRLKKLGKKIEKAGKRVFNAVQKGLPVAAGVQA,0.0011697137,0.9988303
LQDAALGWGRRCPRCPRCPNCRRCPRCPTCPSCNCNPK,0.0011710743,0.9988289
ACYCRIPACLAGERRYGTCFYRRRVWAFCC,0.0011728718,0.9988271
GLFSKFAGKGIKNMIIKGIKGIGKEVGMDVIRTGIDVAGCKIKGEC,0.0012062137,0.99879384
FLPLIAGLAVNFLPKLFCKITKKC,0.0012289924,0.998771
VNSKKISGKSIKVSK,0.0012290629,0.99877095
KGAAKGLLEVASCKLSKSC,0.0012337962,0.99876624
KARHGSCNYVFPAHKCICYF,0.0012381003,0.9987619
NLRRIIRKIIHIIKKY,0.0012394732,0.99876046
FLGSLLGLVGKVVPTLFCKISKKC,0.001247147,0.99875283
KNWKKILKKIIKVVK,0.0012473362,0.99875265
AIHRALICKRMEGHCEAECLTFEVKIGGCRAELTPYCCKKR,0.0012695895,0.99873036
RVIEVVQGACRAIRHIPRRIR,0.001270815,0.9987292
GFLSTVKNLATNVAGTVIDTIKCKVTGGC,0.0012803623,0.99871963
KLCERPSGTWSGVCGNSNACKNQCINLEKARHGSCNYVFPAHKCICYFPC,0.0012870708,0.9987129
GLFSKFAGKGIKNFLIKGVKHIGKEVGMDVIGTGIDVAGCKIKGEC,0.0012879983,0.99871194
GVPICGETCVGGTCNTPGCSCSWPVCTRN,0.0013039731,0.9986961
KWLNEKSIQNKIDEKIGKNFLGGMAKAVVHKLAKNEFMCMANMDPTGSCETHCQKASGEKGYCHGTKCKCGVPLSY,0.0013043353,0.9986957
ATCDLLSPFKVGHAACAAHCIARGKRGGWCDKRAVCNCRK,0.0013062761,0.9986937
RLEKARHGSCNYVFPAHKCI,0.0013118603,0.99868816
LFFKDTCSLEGYTCRMKCNADEHAIRYCTDWTICCKEKKIRLKKRKKW,0.0013153446,0.9986847
CFRKNGFCAFLKCPYLTLISGKCSRFHLCCK,0.0013224834,0.99867755
GLLGSIFGAGKKIACALSGLC,0.001337759,0.99866223
IGKKFKRIVQRIKKFLRKL,0.0013628113,0.9986372
FLGVIKIATGILPTAFCKFLKKC,0.0013636678,0.99863636
NPVSCVRNKAICVPIRSPANMKQIGSCVGRAVKCCR,0.0014184059,0.9985816
LPKWKVFKKIEKVGRNIRNGIVKAGPAIAVLGEAKALG,0.0014222527,0.9985777
GLFDIIKKVASVIGGL,0.0014256064,0.9985744
GLLDSVKEGLKKVAGQLLDTLKCKISGCTPA,0.0014271027,0.9985729
GLLDSIKGMAISAGKGALQNLLKVASCKLDKTC,0.0014613855,0.9985386
GMWSKIKEAGKAAAKAAAKAAGKAALDVVSGAI,0.0014712118,0.9985288
GLPVCGETCFGGTCNTPGCSCSYPICTRN,0.0014846523,0.99851537
KKLFKKILKVL,0.0014886053,0.99851143
DLVCYCRARGCKGRERMNGTCRKGHLLYMLCCR,0.0015037705,0.99849623
KNLRRIIRKIAHIIKKYG,0.0015159113,0.99848413
DTQRCWNLLGKCRHRCSKKDSVYVYCTNGKMCCVKPKYQPKPKPSWLF,0.0015199342,0.99848
CARLNCVPKGTSGNTETCPCYASLHSCRKYG,0.0015296305,0.9984703
GLLSGTLGAGKNIVCGLSGLC,0.0015371621,0.99846286
KINNPVSCLRKGGRCWNRCIGNTRQIGSCGVPFLKCCKRK,0.001544773,0.99845517
ACDFQSCWVLCQRQYNIYFRKAYCEQSRCVCVYNYGG,0.0015476103,0.9984524
FLGGLMKIIPAAFCAVTKKC,0.0015560577,0.9984439
GLFDIVKKVVGAIGSLG,0.0015633691,0.9984366
KWKVFKKIEKMGRNIRNGIVKAGPKWKVFKKIEK,0.0015673805,0.9984326
VVRGACRAIRHIPRRIRGLERIL,0.0015775464,0.9984225
CGESCVWIPCISAVGCSCKSKVCYKNGTLP,0.0015797724,0.99842024
RSNFDEKPKYRIERCERVRGFCKTFCDDDEYDYGYCVRWRKQCCI,0.0015811627,0.99841887
KWKLFKKIGAVLKKL,0.0015879717,0.998412
GTCKAECPTWEGICINKAPCVKCCKAQPEKFTDGHCSKILRRCLCTKPC,0.0016024251,0.9983976
EVSPLDNKICKTRSDRFSGVCISTNNCAIICQQFEHFDGGHCEFDGAFRRCMCTKQC,0.0016100593,0.99838996
ITSISLCTPGCKTGALMGCNMKTATCHCSIHVSK,0.001624547,0.9983754
RTAIHRALICKRMEGHCEAECLTFEAKIGGCRAELAPFCCKNRKKH,0.0016321989,0.9983678
KWKVFKKIEKVGRNIRDGIVKAGPAIAVLGQAN,0.0016394418,0.9983606
RVISVVQGACRAIRRIPRRIR,0.0016441018,0.9983559
LFRLIKSLIKRLVSAFK,0.0016699384,0.99833006
AKCIKNGKGCREDQGPPFCCSGFCYRQVGWARGYCKNR,0.0016727783,0.99832726
KNLRRIGRKIIHIIKKYG,0.0016757956,0.9983242
ATCDLLSGFGVGDSACAAHCIARGNRGGYCNSQKVCVCRN,0.0016903665,0.9983096
QKLCEKPSGTWSGVCGNSNACKNQCINLEGAKHGSCNYVFPAHKCICYFPC,0.0017451537,0.9982549
KPPSKPNNDFHFEVFNFVPCSICSNNPTCWAICKRI,0.0017474744,0.9982525
GKREKCLRRNGFCAFLKCPTLSVISGTCSRFQVCC,0.001751127,0.9982489
ILPFVAGVAAMEMEHVYCAASKKC,0.0017516519,0.9982484
ALWKDVLKKIGTVALHAGKAAFGAAADTISQGGS,0.001763948,0.99823606
FLPIVGRLISGIL,0.0017662281,0.9982338
GLFTLIKGAAKLIGKTVAKEAGRTGLELMACKITNQC,0.0017731169,0.9982269
RWKVFKKIEKVGRNIRDGVIKAGPAIAVVGQAKAL,0.0017760844,0.9982239
LKLFKKILKVL,0.0017806067,0.99821943
GFLDSFKNAMIGVAKSAGKTALNTLACKIDKTC,0.0017991365,0.99820083
GLVKKIGKKIERVGQHTRDASIQAIGIAQQAANVAATARG,0.0018120299,0.99818796
TSVITIELSNIKKIKCN,0.0018168527,0.9981832
GILKTIKSIASKVANTVQKLKRKAKNAV,0.001823525,0.99817646
SKEKIGKEFKRIVQRIKDFLR,0.0018928878,0.9981071
SSPKKIDCGGACAARCQLSSRPHLCKRACGTCCARCACVPPGTAGNQEMCPKCYASLTTHGGKRKCP,0.001901113,0.9980989
KKWKKFIKKIGIGAVLTTPGAKK,0.0019214198,0.9980786
GVFTLIKGATQLIGKTLGKEVGKTGLELMACKITKQC,0.0019260003,0.99807405
ILDTFKNMALNAAKSAGVSVLNALSCKLSKTC,0.0019530606,0.998047
GLPVCGETCFTGTCYTNGCTCDPWPVCTRN,0.001957461,0.9980426
GPLSGILGAGKHIVCGLSGLC,0.0019648934,0.9980351
NFEPKYRFERCEKVRGICKTFCDDVEYDYGYCIKWRSQCCV,0.0019810426,0.998019
FLDTLKNMAINAAKGAGVSVLNALSCKLFKTC,0.0019833662,0.9980166
LIRELGQRIRRPIHRIARCAGQVV,0.0019900484,0.9980099
ATCDLLSFDTKWGSLNHSACAAHCIALRKGYKGGRCYKQVCRCRK,0.0020121443,0.99798787
FLPMLAGLAANLLPKLFCKITKKC,0.0020249933,0.99797505
RVIEVVRGACRAIRHIPRRIR,0.002031149,0.9979689
RLGGILRKAGEKIGGGLKKIGQKIKDFFGKLAPRTES,0.0020322544,0.9979678
CIKNGNGCQPNGSQNGCCSGYCHKQPGWVAGYCRRK,0.002044308,0.9979557
GTLPCGESCVWIPCISAVVGCSCKSKVCYKN,0.0020560096,0.997944
FVGPVLKIAAGILPTAICKIYKKC,0.002080746,0.9979192
GTVPCGESCVFIPCITGIAGCSCKNKVCYID,0.0020988735,0.9979012
LGRKIAHGVKKYGPTVLRII,0.0021039182,0.9978961
KFGKIVGKVLKQLKKVSAVAKVAMKKG,0.0021368605,0.9978632
SFGLCRLRRGFCARGRCRFPSIPIGRCSRFVQCCRRVW,0.002136832,0.9978632
VVTCGSLCKAHCTFRKCGYFMSVLYGHRCYCRCLLC,0.0021411825,0.9978589
DKLIGSCVWGAVNYTSDCAAEKRRGYKGGYCGSFANVNCWCET,0.0021590258,0.997841
QICKAPSQTFPGLCFMDSSCRKYCIKEKFTGGHCSKLQRKCLCTKPC,0.002160314,0.9978397
RCICTLGIC,0.0021615643,0.9978385
GFGCPFNQGACHRHCQSIGRKGGYCSGLFKQTCTCYRH,0.0021729905,0.997827
FLPLFASLAANLLPKIICKIAKKC,0.0021817558,0.99781823
GLLSGVLGVGKKVDCGLSGLC,0.0021821554,0.9978179
EQLTKCEVFR,0.002211481,0.99778855
RCICVLGIC,0.0022194993,0.9977805
SHRFQGTCLSDTNCANVCHSERFSGGKCRGFRRRCFCTTHC,0.0022244444,0.99777555
SKWVTPNHAACAAHCLLRGNRGGQCKGTICHCR,0.0022288905,0.99777114
LIRELGQRIRRPIHRIARCAI,0.0022309218,0.99776906
FKCRRWAWRMKKLGA,0.0022420876,0.9977579
SFLCDLKILATNAAKNAGQCVVTTLSCKLCGTC,0.002269715,0.99773026
GLLGTVKDLLIGAGKSAAQSVLKGLSCKLSKDC,0.0022960599,0.9977039
GLFSVVKGVLKGVGKNVAGSLLEQLKCKISGGC,0.0023054425,0.9976945
FIGPMIKIATNLLPTVICKIFKKC,0.0023098236,0.99769014
YKRCHKKGGHCFPKTVICLPPSSDFGKMDCRWRWKCCKKGSVNNAISI,0.002325661,0.99767435
GPNLYINRMFGSCWRMKGTCKIFCAKNEVYHIYCNSVFACCVSKRDLPSLVG,0.0023266778,0.9976733
DPVTCLKSGAICHPVFCPRRYKQIGTCGLPGTKCCK,0.0023432018,0.9976568
GLLDTLKNVAIGVAKGAGVGVLNALSCKLDKSC,0.0023436164,0.9976564
NLCERASLTWTGNCGNTGHCDTQCRNWESAKHGACHKRGINWKCFCYFDC,0.0023580352,0.997642
GLLNGLALRLGKRALKKIIKRLCR,0.0023716253,0.99762833
KRKRAVKRVGRRLKKLARKIARLGVAKLAGLRAVKLF,0.0023797776,0.9976202
GILSSFKGVAKGVAKNLAGKLLDELKCKITGC,0.002391809,0.99760824
DKLIGSCVWGAVNYTSDCNGECLLRGYKGGHCGSFANVNCWCET,0.0024142496,0.9975857
GFISGILGAGKKIVWGLSGLC,0.002414637,0.9975854
RRWVRRVRRWVRRVVRVVRRWVRR,0.002419932,0.99758005
KNWGAILKHIIK,0.0024306455,0.9975694
GLKGLLGKALKGIGKHIGKAQGC,0.0024644365,0.9975356
GLLDTLKNMATNAAKGAGVSVLKALSCKLFKTC,0.0024732207,0.99752676
LRDLGCYCRKRGCTRRERINGTCRKGHLMYTLCCL,0.0024983995,0.9975016
ILGPVLGLIGNALGGLIKKI,0.0025158937,0.9974841
GILTDTLKGAAKNVAGVLLDKLKCKITGGC,0.0025307261,0.9974693
KSCCKDTTARNCYNVCRIPGTPRPVCATTCRCKIISGNKCPKDYPK,0.002544693,0.9974553
ATCDLLSGFGVGDSACAAHCIARRNRGGYCNAKTVCVC,0.0025754692,0.99742454
GKWSKILGKLIR,0.002576583,0.99742335
GLMSTFKQVGISAIKGAAKNVLDVLSCKIAKTC,0.0025818367,0.99741817
INWKKIASIGKEVLKAI,0.0026381696,0.9973618
AFTCHCRRSCYSTEYSYGTCTVMGINHRFCC,0.002649459,0.9973506
GLWDSVKEGLKNAAVTILNKIKCKIFECPPA,0.0026630189,0.997337
LLGFILAFLGWIGAIVST,0.0026926408,0.9973073
GLMDTVKNAAKNLAGQMLDKLKCKITGSC,0.0027022397,0.99729776
FIGGIISLIKKLF,0.0027122549,0.99728775
IIGPVLGLVGSALGGLLKKI,0.0027150013,0.99728495
GLGPAEGHCLNLSGVCRRDVCKVVEDQIGACRRRMKCCRAWWILMPIPTPLIMSDYQEPLKRKLK,0.002764581,0.9972354
AVNIPFKVHFRCKSIFC,0.0027818193,0.9972182
RISFKKGKGSWIKNGLIKGIKGLGKEIGLDVIRTGIDIAGCKIKGEC,0.0028146761,0.99718535
GLFNVFKKVGKNVLKNVAGSLMDNLKCKVSGEC,0.0028168682,0.9971832
GLWSKIKDVAAAAGKAALGAVNEAL,0.0028358526,0.99716413
GFGCPFNARRCHRHCRSIRRRAGYCAGRLRLTCTCVR,0.0028702766,0.99712974
KKKKVVAATYLLV,0.0028912956,0.99710864
GLPVCGETCVGGTCNTPGCTCSWPVCTKN,0.0028943187,0.9971057
GFGCNGPWDEDDMQCHNHCKSIKGYKGGYCAKGGFVCKCY,0.002899418,0.9971006
FLPVAGVAAEMQHVFCAISKKC,0.0029008272,0.9970992
KWCFAVCYAGICYAACAGK,0.0029082552,0.9970917
AFFDEKCDKLKGTCKNNCGKNEELIALCQKSLKCCRTIQPCGNIID,0.0029482068,0.9970518
GFGCPLNQGACHRHCRSIRRRGGYCAGFFKQTCTCYRN,0.003009573,0.9969904
FKCRRWQWRMKKLGAPSITCVRRAF,0.003033157,0.99696684
GILSAFKEFGKTAAKGIAQSLLSTASCKLAKTC,0.003034691,0.99696535
KFAKKFAKKFAKKFAKKFAKKFAKKFAKKFAKKFAKKFAKKFAKKFAK,0.003034825,0.99696517
GLMSLFKGVLKTAGKHIFKNVGGSLLDQAKCKITGEC,0.0030420339,0.996958
KKKKVVAATYELV,0.003057551,0.99694246
GLWNSIKIAGKKLFVNVLDKIRCKVAGGCKTSPDVEYHK,0.0030631186,0.9969369
KTYYGTNGVHCTKKSLWGKVRLKNVIPGTLCRKQSLPIKQDLKILLGWAT,0.0030667186,0.99693334
RTKKWIVWI,0.003105455,0.9968946
GLIQTIKEKLKELAGGLVTGIQS,0.0031345906,0.9968654
RVKRFWPLVPVAINTVAAGINLYKAIRRK,0.003149267,0.9968507
FIGPIIKIASSLLPTAICKIFKKC,0.0031605316,0.99683946
NASDMEIKKVNKKIEEYIKKIEEVEKKLEEVNKK,0.003169349,0.99683064
LRRIIRKIIHIIKK,0.0031884164,0.9968116
DSYICARKGGTCNLSPCPLYNRIEGTCYRGKAKCCI,0.00321843,0.9967816
LEKRKWKLFKKIEKVGQRVRDAVISAGPAVATVAQATALAKN,0.003242603,0.9967574
KWKLFKKIGIGAVLKVLTTGLIALIS,0.0032670486,0.99673295
ALPCAKKSCDSWCRRLDYPGGECVTKWKCSCNWMQIDK,0.0032794934,0.9967205
GLFSVVKGVLKGVGKNVAGSLLDQLKCKISGGC,0.003286775,0.9967132
ILMCFSID,0.003293464,0.9967066
RLGNFFRKVKEKIGGGLKKVGQKIKDFLGNLVPRTAS,0.0032959231,0.9967041
GIFSKISGKAIKNLFIKGAKNTGKHVGMDVVRTGIDVVGCKIKGEC,0.0033047807,0.9966952
GILDTLKQFAKGVGKDLVKGAAQGVLSTVSCKLAKTC,0.0033172662,0.99668264
ASHGACHKRENHWKCFCYF,0.0033484208,0.9966516
LVTSAGKGNSSPKKIDCGGACAARCQLSSRPHLCKRACGTCCARCACVPPGTAGNQEMCPKCYASLTTHGGKRKCP,0.0033494965,0.9966505
ILKWPWWPWRRK,0.0033582957,0.9966417
RTCESQSHKFKGTCLSDTNCANVCHSERFSGGKCRGFRRRCFCTTHC,0.0033582877,0.9966417
KILRGVCKKIMRTFLRRISKDILTGKK,0.0033624917,0.99663746
SFPKKIDCGGACAARCQLSSRPHLCKRACGTCCARSRCVPPGTAGNQEMCPCYASLTTHGGKRKCP,0.0033780332,0.99662197
RIRRPIHRIARCAGQVVEIVR,0.00338749,0.9966125
IIGPVLGMVGSALGGLLKKIG,0.0033936107,0.9966064
LLGDFFRKSKEKIGKEFKRIVQRIKDFLR,0.00340304,0.99659693
GILDKLKEFGISAARGVAQSLLNTASCKLAKTC,0.003405882,0.99659413
GILREKYAHKAIDVLTPMIGVPVVSKIVNNAAKQLVHKIAKNQQLCMFNKDVAGWCEKSCQQSAHQKGYCHGTKCKCGIPLNYK,0.0034071086,0.9965928
KQRQNKPPSKPNNDFHFEVFNFVPCSICSNNPTCWAICKRI,0.0034320867,0.9965679
KNLRREIRKIIHIIKKYG,0.0034447117,0.9965553
GLLSGILGAGKHTVCGLSGLC,0.0034706618,0.9965294
GFGCPFNQGACHRHCRSIRRRGGYCAGLFKQTCTCYR,0.0034893518,0.9965106
GLGSLVGNALRIGAKL,0.0034897549,0.9965102
ILGPVLGLVGNTLGGLIKKI,0.0035064146,0.9964936
CPGDAHGPDSCNHGGGLCRMGSCVSGEYVAQYCFEPIILCCKNPTPAT,0.0035303761,0.9964696
LNWGAILKHIIK,0.0035374998,0.9964625
GFWDSVKEGLKNAAVTILNKIKCKISECPPA,0.0035393208,0.9964607
IPCGESCVWIPCITAIAGCSCKNKVCYT,0.003539394,0.9964606
ACNRNACWASCQRQHGIYFRRAFCEGSRCRCVRVNGR,0.0035441578,0.99645585
GILDTLKQLGKAAAQSLLSKAACKLAKTC,0.0035513362,0.9964487
FKCRRWQWRMKKLGAPSITCVRRAFALECIRA,0.0035815865,0.9964184
RRVVRRVRRVVRRVVRVVRRVVRRVRRVVRRVVRVVRRVVRR,0.0035849647,0.996415
PRREMIFCRGGSCHFGGCPFHLVKVGSCFGFRSCC,0.003612146,0.99638784
RWIRVVQRWCRAIRHIWRRIRQGLRRWLRVV,0.0036536488,0.99634635
PQSCHRNKGVCVPIRCPRSMRQIGTCLGAPVKCCR,0.0036570057,0.996343
TDQDTAKCVQKKNVCYYFECPWLSISVSTCYKGKAKCCQKRY,0.003662953,0.99633706
FLGALLSAGATILPSLICKIFKKC,0.0036805596,0.9963195
RIKRFWPVVIRTVVAGYNLYR,0.0036834718,0.99631655
GLLDTFKNLALNAAKSAGVSVLNSLSCKLSKTC,0.0036875103,0.9963125
ALALALALALALALALKIKKIKKIKKIKKLAKLAKKIK,0.0037154085,0.9962846
KKKKVVAAFYFLV,0.0037261148,0.9962739
GKWMSLLKHILK,0.0037422278,0.9962578
LRKKFRKTRKRIQKLGRKIGKTGRKVWKAWREYGQIPYPCRI,0.003744225,0.9962558
GIISLTLCEQERDADEDEALEEVKRGIWDSIKTFGKKFALNIMDKIKCKIGGGCPP,0.003750998,0.99624896
RVIEVVQGACRAIRRIPRRIRQGLERIL,0.003752477,0.99624753
AVKDTYSCFIMRGKCRHECHDFEKPIGFCTKLNANCYM,0.003776201,0.99622375
PMKKSLLLLFFFGTISLSFCEQKRD,0.0038090919,0.9961909
KKKKVVAALYVLV,0.0038130996,0.9961869
GIPCGESCVWIPCISSAIGCSCKSKVCYRN,0.0038456176,0.99615437
GLLRGVLGVGKKIVCGLSGLC,0.0038942718,0.99610573
KKKKVVAATFVLV,0.0038972711,0.9961027
QDCERRGGFCPHSSCPTGIRRIGLCSEQVFCCR,0.0039031545,0.99609685
GIPCGESCVFIPCITAAIGCSCKSKVCYRN,0.0039417944,0.9960582
RQWQSKIRRT,0.004002058,0.9959979
GIFGKILGVGKKVLCGLSGVC,0.0040144087,0.9959856
DTYSCFLKRGKCRLACHNFETPVRFCTKLNANCGI,0.0040197414,0.99598026
GIFSKINKKKAKTGLFNIIKTVGKEAGMDVIRAGIDTISCKIKGEC,0.004036013,0.995964
FLPIVGKLLSGLSGLLGK,0.004049335,0.9959507
FLSEPGNAYKQCHKKGGHCFPKEKICIPPSSDFGKMDCRWRWKCCKKRSGK,0.0040759016,0.9959241
LPIVASLAASFLPKIICKITKKC,0.0040817037,0.99591833
ILKKWPWWPWRWWRR,0.0041009476,0.9958991
GIPCGESCVFIPCISTVIGCSCKNKVCYRN,0.004108894,0.9958911
LWNSIKIAGKKLFVNVLDKIRCKVAGGCKTSPDVE,0.004114765,0.99588525
RIKRFWPLVPVAINTVAAGINLYKAIKRK,0.004121744,0.9958782
VVCACRRALCLPLERRAGFCRIRGRIHPLCCRR,0.0041366355,0.9958634
KKCRERGGQCHSGVCSWNEKFIGFCSFARPCC,0.0041433275,0.9958567
GLWSKIKEAAKTAGKAAMGFVNEMV,0.0041567557,0.99584323
ELEYSQPLPGGEFAVCEPCWLGRGKCRRICTEDEKVVGNCKMNFFCCRRRIR,0.0041971644,0.9958029
KKKKVVAATLFLV,0.0042720386,0.99572796
GLFSILKIGAKVIGKNLLKQAGKAGMEYAACKATNQC,0.0042777704,0.99572223
GIINTLQKYYCRVRGGRCAVLTCLPKEEQIGKCSTRGRKCCRRKK,0.004291151,0.9957088
GVIPCGESCVFIPCISTLLGCSCKNKVCYRN,0.0043004425,0.9956995
RHGSCNYVFPAHKC,0.0043273903,0.9956727
FLPFIAGMAAKFLPKIFCAISKKC,0.004328971,0.99567103
GLFDIIKKVAS,0.0043681934,0.9956318
GIMRVFKGVLKTAGKSVAKNVAGSFLDRLKCKISGGC,0.0043943576,0.9956056
CGETCKVTKRCSGQGCSCLKGRSCYD,0.0043951212,0.99560493
ATCDALSFSSKWLTVNHSACAIHCLTKGYKGGRCVNTICNCRN,0.004414833,0.9955852
LNKGAILKHIIK,0.0044228057,0.9955773
AIHRALICKRMEGHCEAECLTFEAKIGGCRAELAPFCCKNRKKH,0.004441701,0.9955583
WNPFKKIANRNCYPKTTCETAGGKKTCKDFSCCQIVLFGKKTRAKCTVVTS,0.00445933,0.9955406
CGESCVWIPCLTSAIGCSCKSKVCYRNGIP,0.004486504,0.9955135
RIKFGKGIKFGKGGKGGIFKGILSGFKEVGKDLAGDAIRAGIGVAECKIKGEC,0.004512823,0.9954872
GLPTCGETCFGGTCNTPGCSCSSWPICTRN,0.0045321807,0.99546784
RECKTESNTFPGICITKPPCRKACISEKFTDGHCSKLLRRCLCTKPC,0.004570523,0.99542946
RLEKARHGSCNYVFP,0.0045750886,0.9954249
GVLGTVKNLLIGAGKSAAQSVLKGLACKLSNNC,0.0045818826,0.9954181
CGDQARGAKCPNCLCCGKYGFCGSGDAYCGKGSCQSQCR,0.0046135006,0.99538654
KKKKVVAATYVLT,0.0046292176,0.99537075
GVNMYIKRIYDTCWKLKGICRNTCQKEEIYHIFCGIQSLCCLEKKEMPVLFVK,0.0046303673,0.9953697
LYAGNWYVRKCANKTGNCRSTCRNGERVINPPTGMCSKEKLCCI,0.0046878615,0.99531215
IRRIIRKIIHIIKK,0.0046905386,0.9953095
AFTCHCRRSCYSTEYSYGTCTVMGINHRFCCL,0.0047478294,0.9952522
RECKAQGRHGTCFRDANCVQVCEKQAGWSHGDCRAQFKCKCIFEC,0.004756985,0.99524295
PRREMLFCKGGSCHFGGCPFHLIKVGSCFGFRSCC,0.004758186,0.9952418
CGESCVWIPCISAALGCSCKNKVCYRNGIP,0.0047889394,0.9952111
YCRVRGGRCAVLSCLPKEEQIGKCSTRGRKCCRRKK,0.0048366343,0.9951634
TKYYGNGVYCNSKKCWVDWGTAQGCIDVVIGQLGGGIPGKGKC,0.004851918,0.9951481
GVPVCGETCFGGTCNTPGCSCDPWPVCSRN,0.004894095,0.9951059
KWKLFKKIGIGKFKLAKKF,0.0049160756,0.9950839
VTCDLLSFKGQVNDSACAANCLSLGKAGGHCKNGVCICRKTSFKDLWDKRL,0.0049172402,0.99508274
DQYKCLQHGGFCLRSSCPSNTKLQGTCKPDKPNCCKS,0.0049857134,0.99501425
FLSLIPHIVSGVASIAKHF,0.0050002057,0.9949998
GIMSLFKGVLKTAGKHVAGSLVDQLKCKITGGC,0.005001011,0.994999
ILGPVLGLVGSALGGLIKKI,0.0050041117,0.9949959
ALVDPERCSKLYGQCKKRCARYEKQIELCLSPSKICCIERAFEDD,0.0050101615,0.9949899
DHYNCVSSGGQCLYSACPIFTKIQGTCYGGKAKCCK,0.0050562755,0.99494374
CNGKRVCVC,0.005080947,0.99491906
INWKKIFQKVKNLV,0.0050906236,0.99490935
IGGYCSWLR,0.0051125824,0.9948874
SFLTSFKDMAIKVAKDAGVNILNTISCKISKTC,0.00514192,0.994858
LEKARHGSCNYVFPAHK,0.0051919655,0.9948081
IGKEFKRIVQRIK,0.005216669,0.99478334
GIPCGESCVWIPCLTSAIGCSCKSKVCYRD,0.005231642,0.9947684
IGPMIKIATNLLPTVICKIFKKC,0.005332876,0.9946671
GLMSTFKQVGISAIKGAAQNVLGVLSCKLAKTC,0.005340341,0.9946596
KFKKFKKFKKFKKFKKFK,0.0053442414,0.9946558
ATCDLLSGTGVKHSACAAHCLLRGNRGGYCNGRAICVCRN,0.005361393,0.9946386
GFSSIFRGVAKFASKGLGKDLARLGVNLVACKISKQC,0.005368682,0.9946313
GIFDKLKNFAKGVAQSLLNKASCKLSGQC,0.005388472,0.9946115
GLEFSEPFPSGRFAVCESCKLGRGKCRKECLENEKPDGSCRLNFLCCRQR,0.00539262,0.9946073
TTPATPAISILSAYISTNTCPTTKCTRAC,0.0054013776,0.9945986
KKLFKKILKVLG,0.005473065,0.9945269
YRIKKNADFQRLGISVSKKLGNAVLRNKIKRAIREILDIIVIQNSL,0.005487584,0.9945124
SKCKCSRKGPKIRYSDVKKLEMKPKYPHCEEKMVIITTKSVSRYRGQEHC,0.005493127,0.9945069
RRWQWRMKKLGA,0.0055263247,0.9944737
AALKGCWTKSIPPKPCFGKR,0.005536859,0.9944631
ILDTFKNLALNAPKSAGVSVLNALSCKLSKTC,0.0055899667,0.99441004
FKCRRWQWRMK,0.005603115,0.9943969
GVNMYIRQIYDTCWKLKGHCRNVCGKKEIFHIFCGTQFLCCIERKEMPVFVK,0.005609563,0.99439037
RFKEVCERPNGFCQEFCIETEIQAGRCLNGRPCCLPMGNHPQIDLTTPKKD,0.0056135794,0.99438643
FFLLSLIPSAISAIKKI,0.0056271777,0.99437284
GKWMHLLKHILK,0.005631092,0.9943689
KNLRRSIRKIIHIIKKYG,0.0056313816,0.9943686
RCICTRGFCRLL,0.0056530116,0.994347
KWKIFKKIEHMGQNIRDGLIKAGPAVQVVGQAATIYKG,0.00566918,0.99433076
APPGFTPFRID,0.005698193,0.9943018
VITIELSNIKENKCNGTDAKVKLIKQELDKYKNAV,0.0057257945,0.9942742
FLGALFKVASKVLPSVKCAITKKC,0.005771746,0.99422824
FKCRRFQFRMKKLGA,0.005802342,0.99419767
FKCKKWQWKMKKLG,0.00580362,0.9941964
GILSNVLGMGKKIVCGLSGLC,0.0058064274,0.99419355
GVLGTVKDLLIGAGKSAAQSVLKILSCKLSNDC,0.005814826,0.9941852
ADVENSQKKNGYAKKIDCGSACVARCRLSRRPRLCHRACGTCCYRCNCVPPGTYGNYDKCQCYASLTTHGGRRKCP,0.005861018,0.99413896
PWNIFKEIERAVARTRDAVISAGPAVRTVAAATSVAS,0.0058769737,0.99412304
FKCRRWQWRMKKL,0.005881129,0.9941189
CGESCVFIPCISAVIGCSCSNKVCYKNGSIP,0.0059312573,0.99406874
GIFSSRKCKTPSKTFKGICTRDSNCDTSCRYEGYPAGDCKGIRRRCMCSK,0.0059408974,0.9940591
GLLSGVKGRGKKIVCGLSDKC,0.005946261,0.9940537
HGSCNYVFPAHKCI,0.0059550684,0.99404496
RCICVLGFC,0.0059723975,0.9940276
GLLDTFKNLALNAAKSAGVSVLNSLSCKLFKTC,0.005972809,0.99402714
CKRRERMNGTCRKGHLLYTLCCR,0.005982346,0.9940176
GSIRTWFQRIPLGWFHCTYQKGKQHCRLRIRQKVEE,0.006008858,0.9939912
FFHHIFRGIVHVGRTIHKLVTGG,0.006147632,0.99385244
GIGAAILSAGKSALKGLAKGLAEHF,0.0061700777,0.9938299
TAGPAIRASVKQCQKTLKATRLFTVSCKGKNGCK,0.006180118,0.99381983
KKKKVVAATYVLVA,0.0061846124,0.9938154
FLDTVKNMALNAAKSAGVSVLKTLSCKLSKEC,0.006205339,0.9937946
GFLDVIKDTAQNLFATVLDKIKCKVTKC,0.006222035,0.993778
LWETLRRIIRWILAIPRRIR,0.0062322784,0.99376774
GKLIKKFGRKAISYAVKKARGKH,0.0062405667,0.9937595
GLWQKIKSAAGDLASGIVEGIKS,0.006253937,0.99374604
IFKAIWSGIKRLC,0.0062880525,0.99371195
GIGARLKVLTTGLPRISWIKRKRQQ,0.0063074115,0.99369264
GFMDTAKNAAKNVAVTLLDNLKCKITKAC,0.0063357903,0.9936642
NEPVSCIRNGGICQYRCIGLRHKIGTCGSPFKCCK,0.0063604875,0.99363947
GLRKRLRKFRNKIKEKLKKIGQKIQGFVPKLAPRTDY,0.0063638603,0.99363613
ILPWKWPPWPPWPWRR,0.0063727703,0.9936272
KSCCPSTTARNVYNSCRFAGGSRNTCAKLSGCKIVDGNCEPPYVH,0.0063785883,0.9936214
VSCDFEEANEDAVCQEHCLPKGYTYGICVSHTCSCI,0.006391673,0.99360836
KRFKKFFRKLKKSVKKRVKKFFKKPRVIGVTIPF,0.0064099906,0.99359
RCICTRGIC,0.0064720754,0.9935279
ATCDLASGFGVGSSLCAAHCIARRYRGGYCNSQQVCVCRN,0.0064836023,0.9935164
FLPILAGLAAKIVPKLFCLATKKC,0.006496597,0.9935034
GIFGKILGVGKKVLCGLSGIC,0.006619134,0.99338084
KKKKVVFATYVLV,0.006643216,0.9933568
GIGGALLSAGKSALKGLAKGLAEH,0.006685891,0.99331415
GVLDTLKNVAIGVAKGAGTGVLKALLCQLDKSC,0.006706165,0.9932938
KKKKVVAKTYVLV,0.0067192754,0.9932807
RHFCAAALIHARFVMTAASS,0.0067287907,0.99327123
GMASKAGTIAGKIAKTAIKLAL,0.0067430767,0.99325687
ILKKWPWWPWPPRRK,0.0067493245,0.99325067
QVTPVTKCWGKSGRCRTTCKKSEVYYILCKTEAKCCVDPKYVPVRSKLTDTNTSLESTSAV,0.00675059,0.9932495
CPLASTRTC,0.006758166,0.99324185
NQGRHFSGGALIHARFVMTAAHCFQ,0.006792316,0.9932077
RHFCGGALIHARFVMTAARC,0.00679423,0.9932058
FLPIIAKVLSGL,0.006810006,0.99319005
CIKNGNGCQPNGSQGNCCSGCHKQPGWVAGYCRRK,0.0068205115,0.9931795
LALALALALALALALAKIKKIKKIKKIKKLAKLAKKIK,0.006829552,0.99317044
FLGALFKVASKVLPSVFCAITKKC,0.0069063506,0.99309367
KARHGSCNYVFPAHK,0.0069088866,0.9930911
WKLFKKILKYLG,0.006974925,0.99302506
RICRCICGRRICRCICGR,0.0069932165,0.9930067
FLPLVRVAAKLIPSVVCAISKRC,0.0070330515,0.9929669
KSCCPSTTGRNIYNTCRLTGSSRETCAKLSGCKIISASTCPSNYPK,0.0070337597,0.9929662
QTPCSSAKKVRCNVHCRGYTKLGSCYDDNCSCVDKPAAMKASFAA,0.0070841354,0.99291587
GTISSLCEQEREADEDEVLEEVKRGIWDSIKTFGKKFALNIMDKIKCKIGGGCPP,0.0070846546,0.99291533
KKKKVVAATYKLKA,0.007096569,0.9929035
SWLRDIWDWICKVLSDFK,0.0071118865,0.99288815
GWLRKLGKKIERIGQHTRDASIQVLGIAQQAANVAATARG,0.0071203215,0.9928796
SLFSLIKAGAKFLGKNLLKQGACYAACKASKQC,0.0072082025,0.9927917
KFFKKFFKKFFKKFFKKFFKKFFKKFFK,0.0072461227,0.99275386
KKKKFVAATYVLV,0.007263966,0.99273604
RIKRFWPVVIRTVVAGYNLYRAI,0.007317389,0.99268264
SIRDKIKTIAIDLAKSAGTGVLKTSICKLDKSC,0.0073366025,0.9926634
GLFSILRGAAKFASKGLGKDLTKLGVDLVACKISKQC,0.0074164327,0.9925836
KWKIFKKIEHMGQNIRDGLIKAGPAVQVVGQAATIYK,0.0074314405,0.9925686
LPAVLRVAAKIVPSVVCAITKKC,0.0074387765,0.9925612
ATYYGNGLYCNKQKCWVDWNKASREIGKIIVNGNVQHGPWAPR,0.0074653244,0.99253464
GNAACVIGCIGSCVISEGIGSLVGTAFTLG,0.0074996455,0.9925003
GCTRWIIGIKLCR,0.007566566,0.9924334
GLWSTIKNVAAAAGKAALGAL,0.0075681307,0.9924319
KKAAAAFAAFAAWFAAFAAAAKKKK,0.007583946,0.992416
KKKKVVGATYVLV,0.0076609035,0.99233913
GLIKIVPAMICAVTKKC,0.007704386,0.9922956
GIFSILKIATKLIGKTLAKAAGKAGAELAACKAANQC,0.0077058156,0.9922942
VKCPMKDNYSCFIMRGKCRHECHDFEKPIGFCTKLNANCYM,0.007709687,0.99229026
GIINTLQKYYCRVRGGRCAVLSCLPKEEQIGKCSTRGRKCCRRKK,0.007710012,0.99228996
RDVICLMQHGTCRLFFCHSGEKKSEICSDPWNRCC,0.0077444343,0.9922555
GLFGVLAKVAAHVVPAIAKHF,0.0077781314,0.99222183
SFLSTFKELAINAAKNAGQSILHTLSCKLDKTC,0.0077986913,0.9922013
DLVCPDNPDNCIQQCVSKGAQGGYCTNEKCTCYEKIPSATKRVRIVA,0.00782376,0.9921763
CYVELHC,0.007839673,0.9921603
FLSLIPSLVGGSISAFK,0.007844022,0.99215597
ITSISLCTPGCKTGALMGCNMKTATCNCSVHVSK,0.007905186,0.9920948
IEGRFKCRRWQWRMKKLGAPSITCVRRAF,0.007905174,0.9920948
QYRHRCCAWGPGRKYCKRWC,0.007930477,0.9920695
GIGGRILGGLKTALKGAAKELAATYLH,0.007982275,0.99201775
KWKLFIKKLTPAVKKVLLTGLPALIS,0.007986546,0.99201345
FPLALLCKVFKKC,0.008067112,0.99193287
ILKKWPWWPWRRIMILKKAGS,0.008088462,0.99191153
ITIELSNIKENKCNGTDAKVKLIKQELDKYKNAVT,0.008116891,0.99188316
GLWETIKNFGKKFTLNILHKLKCKIGGGC,0.00813161,0.9918684
FRVKKNADFKAIFRVGLSVSKKLGNAVTRNQIKRRIRHNFKVHKSHLDFVVIARQPAKDMTTLEMEKNLL,0.008146675,0.99185336
GLWSKIKETGKEAAKAAGKAALNKIAEAV,0.0082117645,0.9917882
FFGPLIKIATGVLPNLICKALGKC,0.008217288,0.9917827
AKKSMIAKQQRTPKFKVQEYTRCERCGRPHSVIRKFKLCRICFRELAYKGQIPGVKKASW,0.008229363,0.9917706
GWLKKLGKRIERIGQHTRDATIQGLGIAQQAANVAATARG,0.008279074,0.9917209
VRLRIRVAVIRK,0.008357735,0.99164224
CTPDKKSFC,0.008358344,0.9916417
GIGKHVGKALKGLKGLLKGLGEC,0.008370731,0.99162924
FKCRRWQWRMKALGA,0.008404124,0.99159586
GSCNYVFPAHKCICY,0.008434341,0.99156564
ILPWKWPWWPWWKKPWRR,0.008465595,0.9915345
VLDTLKNVAIGVAKGAGTGVLKALLCQLDKSC,0.008497903,0.9915021
GLLSNVAGLLKQFAKGGVNAVLNPK,0.008515369,0.9914846
KPFKKLEKVGRNIRDGIIKAGPAVAVIGQATSIARPTGK,0.008526457,0.99147356
KSCCPNTTGRNIYNTCRFGGGSRQVCARISGCKIISASTCPSYPNK,0.008530034,0.99147
FTMKKSLLLIFFLGTISLSLC,0.008536305,0.99146366
RIKRFWPVVIRTVVAGYN,0.008539738,0.99146026
FLGGLIKIVPAMICAVRKKC,0.008555466,0.99144447
ENREVPPGFTALIKTLRKCKII,0.008617818,0.9913821
ILGPVLSLVGSALGGLIKKI,0.008618208,0.99138176
LGTLLGVGAKILPSLICKISGKC,0.0087071825,0.9912929
VTCDLLSFKGQVNDSACAANCFSLGKAGGHCKNGVCICRKTSFKDFWDKRF,0.00885871,0.9911412
NPVSCARNKGICVPSRCPGNMRQIGTCLGPPVKCCR,0.008872637,0.9911274
FSLLPSLIGGLVSAIK,0.008908516,0.9910915
LRCMCIKTTSGIHPKNIQSLEVIGKGTHCNQVEVIATLKDGRKICLDPDAPRIKKIVQKKLAGDESAD,0.009047825,0.9909522
QKLCERPSGTWSGVCGNNNACKN,0.009144681,0.99085534
KWKLFKKIGIGKFLHSAKKF,0.009177437,0.99082255
IEQLIKKEKVYLAWV,0.009208116,0.9907919
VIPFVASVAAEMMQHVYCAASKKC,0.009243552,0.99075645
ILKKWPWWWRRK,0.009281743,0.99071825
GIFLDKLKNFAKGVAQSLLNKASCKLSGQC,0.009291023,0.99070907
GELGRLVYLLDGPGYDPIHCD,0.009299041,0.99070096
NSVTCSKNGGFCISPKCLPGSKQIGTCSLPGSKCCK,0.009313477,0.99068654
IDWSKIFEKVKNLV,0.009416953,0.99058306
KLKLFKKIGIGKFLHSAKKF,0.0095447,0.9904553
VRLRIRVRVIRK,0.0095850155,0.990415
GSIPCGESCVFIPCISAVIGCSCSNKVCYKN,0.00959197,0.99040806
LEAIPCSIPPCFAFNKPFVF,0.009595427,0.99040455
RCLCVLRVC,0.00967986,0.9903202
FLPLIGKILGTILGK,0.009706778,0.99029326
GILGNIVGMGKKVVCGLSGLC,0.009749074,0.99025095
ILWPWWPWRRK,0.009816111,0.99018395
RIRRPIRRIARCAGQVVEIVR,0.009830198,0.9901698
KKKKKKAAFAAFAAFAA,0.009841808,0.99015826
VWPLGLVICKALKIC,0.009870817,0.99012923
ALWKTMLKKAAHVGKHVGKAALGAAARRRK,0.009912011,0.990088
TMKKSLLLLFVLGTINLSLC,0.009942607,0.99005735
GILDTLKNLAKTAGKGILKSLVNTASCKLSGQC,0.009960988,0.990039
TNRNYGKPNKDIGTCIWSGFRHC,0.009971471,0.99002856
GSIPCAESCVYIPCFTGIAGCSCKNKVCYYN,0.009983998,0.990016
ACLPNSCVSKGCCCGNSGYWCRQCGIKYTC,0.010003528,0.98999643
PWRSIECNYCRTRYGYVCCKPGRCPQIRETCPGLRKGVPICRQDTDCFGSDKCCFDTCLNDTVCKPIVAGSQG,0.010003826,0.9899962
KKKYPQYGSLDLRRECRKGNGRCRVECHESEIRIAFCIRPGTHCCLQK,0.0102020055,0.989798
LLPIVGNLLKSLL,0.010230768,0.9897693
RECQSQSHRYKGACVHDTNCASVCQTEGFSGGKCVGFRGRCFCTKHC,0.010273239,0.9897267
RIKRFWPVVIRTVV,0.010277392,0.9897226
KWKKFKKGIGKLFV,0.010382665,0.98961735
VEQKHIQKE,0.010387828,0.9896122
SRRSCHRNKGVCALTRCPRNMRQIGTCFGPPVKCCR,0.010397329,0.9896027
TAGIKLTVPIEKFPVTTQTFWG,0.010448235,0.9895517
IAWCELQNHELTLWN,0.010535119,0.98946494
FLIKQLIKLLTWLFSNCKTLLSKVY,0.01068705,0.98931295
FISNDECPSEYYHCRLKCNADEHAIRYCADFSICCKLKIIEIDGQKKW,0.010693714,0.9893063
ILGPVLGLVGNALGGLLKNL,0.010724543,0.98927546
GLWNTIKEAGKKFAINVLDKIRCGIAGGCKT,0.010733015,0.989267
GLFGKLIKKFLRKAISYAVKKARGKH,0.010743393,0.9892566
RWWIRIRWH,0.010812911,0.9891871
RHFSGGALIHARFLMTAASC,0.010845493,0.9891545
AAWWAGIKQEF,0.0108469855,0.98915297
NEDTVTQAASRVCDKMKILRGVCKKIMRTFLRRISKD,0.010856173,0.9891439
GIGKFLKKAKKFGKAFVKILKK,0.0108651295,0.98913485
GIKDWIKGAAKKLIKTVASHIANQ,0.010873483,0.9891265
GSGFTQGIINHRSCYRNKGVCAPARCPRNMRQIGTCHGPPVKCCRKK,0.010885883,0.9891141
GFLDTLKNMAINAAKDAGVSVLNPLSCKLFKTC,0.0109450985,0.9890549
RCWNLYGKCRHRCSKKERVYVYCLNNKMCCVKPKYQPKEKWWPF,0.01099666,0.9890034
DFNLDLLSVSKKDSGASPRITSISLCTPGCKTGALMGCNMKTATCHCSIHVSK,0.011007672,0.98899233
DYDWSLRGPPKCATYGQKCRTWSPRNCCWNLRCKAFRCRPR,0.011020023,0.98897994
FGVLAKVAAHVVPAIAEHF,0.011048481,0.9889515
GFLRGCWTKSFPPKPCLKR,0.011052512,0.98894745
SVITIELSNIKENKCNGTDAKVKLIKQELDKYKNA,0.011078165,0.9889218
GMSGYIQGIPDFLKGYLHGISAANKHKKGRLGY,0.011080876,0.98891914
LLPIVGNLLKSL,0.011108345,0.98889166
FLPVILPVIGKLLSGI,0.0111121675,0.98888785
KKKKVVAATLVFV,0.011115307,0.9888847
KSCCRSTLGRNCYNLCRVRGAQKLCANACRCKLTSGLKCPSSFPK,0.011123301,0.98887664
PNIKSAIKRTKTNNERGVHNATIKSAMRTAIKQVEASVANNEADKAKTALTEAAKRIDKAVKTGLVHKNTAARYKSRLAKKVNGLSA,0.011132296,0.98886764
LIGPVLGLVGSALGGLLKKIG,0.0111337,0.98886627
ALWKDMLSGIGKLAGQAALGAVKTLV,0.011154341,0.98884565
FKAFKAFKAFKAFKAFKAFKAFKAFKAFKA,0.01120971,0.98879033
KKKKVVAATYVLE,0.011210389,0.98878956
VGRFRRLRKKTRKRLKKIGKVLKWIPPIVGSIPLGCG,0.011211158,0.9887888
GLEFSEPFPSGRFAVCESCKLGRGKCRKECLENEKPDGSCRLNFLCCRQRV,0.011230738,0.98876923
LLKKRKVVRLIKFLLK,0.011237146,0.98876286
GIPCAESCVWIPCTVTALLGCSCSNKVCYN,0.011247349,0.9887526
GLPVCGETCFGGTCNTPGCTCDPWPVCTRN,0.011275901,0.9887241
INAKGVCRSTAKYVR,0.011392464,0.9886075
RHFSAAALIHARFVMTAASC,0.011394514,0.9886055
GKFMSLLKHILK,0.011442899,0.9885571
GIGGALLSVGKSALKGLAKGFAEHF,0.011466636,0.9885334
GCSRWIIGIHGQICRD,0.0115417065,0.9884583
GTPLALLGGAATGVIGYISNQTCPTTACTRAC,0.011585393,0.9884146
GYGDGCYSEDDLSVCCKKKFKVIGKCFKSVRECQNSGCKYH,0.011628563,0.9883715
ILGAIIPLVSGLLSHL,0.011637179,0.9883629
KWKEFIKKLTTAVKKVLTTGLPALIS,0.011660044,0.98833996
GTQRCWNLYGKCRYRCSKKERVYVYCINNKMCCVKPKYQPKERWWPF,0.011660742,0.9883392
KFKEICERPNGSCRDFCLETEIHVGRCLNSRPCCLPLGHQPRIESTTPKKD,0.0116741685,0.98832583
AYGGEKKCWNRSGHCRKQCKDGEAVKETCKNHRACCVPSNEDH,0.011676393,0.98832357
FTQRVRNPQSCRWNMGVCIPFLCRVGMRQIGTCFGPRVPCCRR,0.011732531,0.9882675
AYSGEKKCWNRSGHCRKQCKDGEAVKDTCKNLRACCIPSNEDH,0.011745373,0.98825467
ATPATPTVAQFVIQGSTICLVC,0.011751081,0.9882489
RDCRSQSKTFVGLCVSDTNCASVCLTEHFPGGKCDGYRRCFCTKDC,0.011752071,0.9882479
NWYVKKCLNDVGICKKKCKPEEMHVKNGWAMCGKQRDCCVPAD,0.011756786,0.98824316
EKCWNLHGTCRGKCGKNEKFFLFCKSGKLCCLKLNFQPNLPLKSLSA,0.011759111,0.9882409
SIMSTLKQFGISAIKGAAQNVLGVLSCKIAKTC,0.011830671,0.9881693
CVKVKVKVGSGVKVKVKVC,0.011891936,0.98810804
VASVAAEMMQHVYCAASKKC,0.011895948,0.98810405
GLFLNTVKDVAKDVAKDVAGKLLESLKCKITGCKS,0.011919575,0.9880804
TLNNSVALDPIDISIELNKAKSDLEESKEWIRRS,0.011946691,0.9880533
RIETCRNFRGSCRDECLKNERVYVFCVSGKLCCLKPKDQP,0.01195278,0.98804724
GIGSAILSAGKSALKGLAKGLAEHFAN,0.012026926,0.98797315
GRFKRIRKKLKKLFKKIS,0.012027107,0.98797286
KWFNEKSIQNKIDEKIGKNFLGGMAKAVVHKLAKNEFMCVANVDMTKSCD,0.012037308,0.98796266
KLKKALRALARHWKGWLRRIGRRIERVGQH,0.012045386,0.9879546
FLANQECFSEYRHCRMKCKANEYAIRYCADWTICCRVKKREAKKKIMW,0.012058575,0.98794144
MPKWKVFKKIEKVGRNIRNGIVKAGPAIAVLGEAKALG,0.012063063,0.987937
GFMDTAKNVAKNMAGNLLDNLKCKIIKPC,0.012064516,0.9879355
CCGCCYIAACARNNSNCSSHLECSTC,0.012108729,0.9878913
GIFSLIKTAAKFVGKNLLKQAGKAGMEHLACKANNQC,0.012123762,0.9878762
FKCRRWQWRMKK,0.012124326,0.98787564
KYYGNGLSCNKSGCSVDWSKAISIIGNNAVANLTTGGAAGWKS,0.012145894,0.98785406
KELKKIIGQVRDQAEHLKTA,0.012148267,0.98785174
LIFFLFKARTFFLKDTCSLEYLNCRMKCNLDEHAIKYCADWTICCKAKNTKFKRKKKW,0.0122508835,0.9877491
KWKSFIKKLTSAAKKVVTTAKPLISS,0.012268418,0.9877316
FFHHIFRPIVHVGKTIHRLVTG,0.012311912,0.98768806
APPGFTPFR,0.012316871,0.9876831
LRDLVCYCRSRGCKGRERMNGTCRKGHLLYTLCCR,0.012391915,0.9876081
KWKSFIKKLTSVLKKVVTTALPALIS,0.012422863,0.9875771
AIHRRMQCQKMDGRCEVECLSFEDKIGGCRAELTPLCCKKRKNN,0.012432791,0.9875672
VTCDLLSFEILGVALNHSACAAHCLAIGRGGGACQGGICVCRR,0.012437828,0.9875622
GIMDSVKGLAKNLAGKLLDSLKCKITGC,0.012668734,0.9873313
GIGGKILPGFKTALKGAAKELAATYLH,0.012682997,0.9873171
NEKSGSCPDMSMPIPPLGICKTLCNSDSGCPNVQKCCKNGCGFMTCTTPVP,0.012726669,0.98727334
LLGDFFRKSKEKIGKEFKRIVQR,0.0127402,0.98725986
GIFPKIIGKGIKTGIVNGIKSLVKGVGMKVFKAGLNNIGNTGCNEDEC,0.012774199,0.9872258
GIGTKILGGVKTALKGALKELASTYVN,0.012862127,0.9871378
DRCTKRYGHCKRDCLESEKQIDICSSPRKICCTERLYEEDDMF,0.0128847025,0.9871153
GIFSLIKTAAKFVGKNLLKQAGKAGVEHLACKANNQC,0.012902355,0.9870976
ITSFIGCTPGCGKTGSFNSFCC,0.012930003,0.9870701
EKARHGSCNYVFPA,0.012948732,0.98705125
GLMDTVKNVAKNLAGHMLDKLKCKITGC,0.0129986005,0.98700136
FIHHIFRGIVHAGRSIGRFLTG,0.013181544,0.9868185
LLGDLLRKSKEKIGKEFKRIVQR,0.013217731,0.98678225
GLLSVLGSVAKHVLPHVVPVIAEKL,0.013234263,0.98676574
SWLRDIWDWICEVLSDFK,0.013234641,0.9867654
GFGCPLNQGACHNHCRSIRRRGGYCSGIIKQTCTCY,0.013274352,0.9867257
ILRWPWWPWRAK,0.013291256,0.9867088
FAVGLRAIKRALKKLRRGVRKVAKDL,0.013375121,0.9866249
GLLDSVKEGLKKAAGQLLDTLKCEISGCTPA,0.013401325,0.9865986
LCLLFFLGTISLSLC,0.013402986,0.986597
AEAMSQVTNTATIM,0.0134333335,0.98656666
KKKKVVAATYFLVA,0.013454211,0.9865458
GIFSKLGRKKIKNLLISGLKNVGKEVGMDVV,0.013477337,0.9865227
CGETCVILPCISAALGCSCKDTVCYKNSLVN,0.013496262,0.98650366
SVLGTVKDLLIGAGKSAAQSVLTALSCKLSNSC,0.013509103,0.98649085
PDITKLNIKKLTKATCKVISKGASMCKVLFDKKKQE,0.0135430675,0.986457
RRWWCRQ,0.013601014,0.986399
FLSAIASMLGKFLGK,0.013602447,0.9863975
LCKRESETWSGRCVNDYQCRDHCINNDRGNDGYCAGGYPWYRSCFCFFSC,0.013615433,0.9863846
ILKKFPFFPFRRK,0.013630603,0.9863694
KRKRAVKRVGRRLKKKLARKIARLGVAF,0.013682787,0.9863172
GLREKHVQKLVALIPNDQLRSILKAVVHKVAKTQFGCPAYEGYCNNHCQDIERKDGECHGFKCKCAKD,0.013820106,0.9861799
RTCESQSHKFKGPCFSDSNCATVCRTENFPRGQCNQHHVERKCYCERSC,0.013849539,0.98615044
CGETCFGGTCNTPGCSCSSWPICTRNGLPV,0.013850711,0.98614925
LLSTGHTHGPDSCNHEGGLCRVGNCIPGEYLAKYCFEPVILCCKSPSTTTAKS,0.013948239,0.98605174
CGGQKSCWIIKGHCRKNCKSGEQIKKPCKNGDYCCIPSKTNS,0.013976427,0.98602355
GLVSSIGKALGGLLADVVKTKEQPA,0.014009773,0.9859902
VGKVLKQLKKVSAVAKVAMKKGAALLK,0.014037639,0.98596233
RKCLRWQWAMRKVGG,0.014216279,0.98578376
INWKKIAEIGKQVLSA,0.014226697,0.98577327
VPPGFTPFRQS,0.014343059,0.985657
FIGASALKVLAGVLPSVISWVKLGRILQ,0.014385195,0.98561484
KKKKVVLATYVLV,0.014400711,0.9855992
GALRGCWTKSYPPKPCK,0.014509302,0.9854907
FVLPLVMCKILRKC,0.014510643,0.98548937
EFKRCWKGQGSCRTYCMRQESFMHLCPDASLCCLAYSFQPTRPPKPDDE,0.014523337,0.9854767
RKSYKCLHKRCR,0.014584625,0.9854154
RRLRPRRPRLPRPRPRPRPRPRSLPLPRPQPRRIPRPILLPWRPPRPIPRPQPQPIPRWL,0.014587343,0.9854127
GIGAVLKVLTTGLPALISWIKRKRQQ,0.0145951975,0.9854048
PRNICSRRDPTCWTTY,0.01461995,0.98538005
CLPTDPIQC,0.014644839,0.98535514
RRLRPRRPRLPRPRPRPRPRPRSLPLPRPKPRPIPRPLPLPRPRPKPIPR,0.0146801,0.98532
CLSIHSSVC,0.014706772,0.98529315
GWGSFFKKAAHVGKHVGKAALTHYLG,0.014746351,0.98525363
IFNSIYHRKCVVKNRCETVSGHKTCKDLTCCRAVIFRHERPEVCRPST,0.014822935,0.98517704
HCKFWI,0.014875914,0.9851241
GGLKKLGKKLEGAGKRVFNAAEKALPVVAGAKALGK,0.014886233,0.9851138
DLIWKLLSKAQEKFGKNKSRFKCRRWQWRMKKLG,0.014915672,0.98508435
WKWLKKWIK,0.014916849,0.98508316
GLMDIFKVAVNKLLAAGMNKPRCKAAHC,0.014934211,0.98506576
PEVVRNPQSCRWNMGVCIPISCPGNMRQIGTCFGPRVPCCR,0.015185635,0.98481435
VQLRIRVAVIRA,0.015226876,0.9847731
GVWDWLKKTAKNVWNSDIVKQLKGKAINAAKNYVAEKIGATPS,0.015264179,0.98473585
AAFRGCWTKNYSPKPC,0.015276948,0.98472303
VNWKKVLGKVVKVVK,0.015344163,0.98465586
FLPLFLPKIICAITKKC,0.015349965,0.98465
GACRAIRRIPRRIR,0.0153746465,0.98462534
GLIGSIGKALGGLLVDVLKPK,0.015435487,0.98456454
RCLCTLRIC,0.015474961,0.984525
MMISLLVFNPVEADGVVVNYGQHASLLAKIDCGGACKARCRLSSRPHLCKRACGTCCQRCSCVPPGTAGNYDVCPCYATLTTHGGKRKCP,0.015548174,0.9844519
IYIEQGNGITGM,0.0155494185,0.9844506
FLSLIPHAINAVSAIAKHS,0.015607687,0.98439234
CIANRNGCQPDGSQGNCCSGYCHKEPGWVAGYCR,0.015727405,0.98427254
ILPWKLPWWPWRR,0.015781192,0.98421884
AQRCGDQARGAKCPNCLCCGKYGFCGSGDAYCGAGSCQSQCRGC,0.015793338,0.9842067
CPGEAQGPDSCNHGGGLCRVGSCVSGEYLAQYCFEPVILCCRNLSPATTE,0.015809372,0.98419064
GSLCGDTCFVLGCNDSSCSCNYPICVKD,0.015858319,0.9841417
RVCRRRSAGFKGVCMSDHNCAQVCLQEGYGGGNCDGIMRQCKCIRQC,0.015884686,0.9841153
SIRDKGKTIAIDLAKSAGTGVLKTLMCKLDKSC,0.015964437,0.9840355
YGLVLKYCPKIGYCSNTCSKTQIWATSHGCKMYCCLPASWKWK,0.015964853,0.98403513
DIWDWICEVLSDFK,0.016007267,0.9839927
INWKKIAEIGKQVLSAL,0.016022226,0.9839778
EQVDKLVSAGIRKVLFLDGI,0.016202215,0.98379785
INWKKIFEKVSNLV,0.01620677,0.98379326
GSVPCGESCVYIPCFTGIAGCSCKSKVCYYN,0.016250644,0.98374933
VIPFVASVAAEMMQHVYCAASKKR,0.016266093,0.9837339
GIGGVLLSAGKAALKGLVKVLAEKYVN,0.016299313,0.98370075
KRFKKFFKKLKKSVKKRAKKFFKKPRVIGVSIPF,0.016404264,0.9835957
LFGVLAKVAAHVVPAIAEHF,0.016411122,0.98358893
GLKKIFKKGLGSLVKGIAAHVAS,0.016466174,0.9835338
GLWSTIKNVGKEAAIAAGKAVLGS,0.01651632,0.9834837
ILSAIWSGIKSLF,0.016524477,0.98347557
FLPLIGRVLSGIL,0.01659775,0.98340225
GMASKAGSVLGKITKIALGAL,0.016607437,0.98339254
TDVALMCFSIDSPDSLENI,0.016611947,0.98338807
IDISIELNKAKSDLEESKEWIRRSNQKLDSIGNWH,0.016695255,0.98330474
LMDIFKVAVNKLLAAGMNKPRCKAAHC,0.016731268,0.98326874
GEQIAQLIAGYIDIILKKKKSK,0.01676269,0.98323727
DFGCARGMIFVCMRRCARMYPGSTGYCQGFRCMCDTMIPIRRPPFIMG,0.016815774,0.9831842
FKIKASKVLDKFGKIVGKVLKQLKKVSAVAKV,0.016899262,0.9831008
GILDSLKNFAKDAAGILLKKASCKLSGQC,0.016901828,0.98309815
YLDVKQLANYLLCIGNGQVFNGRKTCQIGCRAVCQQPGCSGYKECEQIPNIRLHKYRCHCNEA,0.016904859,0.98309517
ILKKYPWYPWRRK,0.016948292,0.9830518
KWKLFKKIPHLAKKF,0.016958036,0.98304194
GIGTKILGGVKTALKGALKELAFTYAN,0.017098863,0.98290116
RWGKWFKKATHVGKHVGKAALTAYL,0.017151574,0.9828484
FACRRWQWRMKKLGA,0.017156258,0.9828438
GFMSKVANFAKKFAKGGVNAIMNQK,0.017173328,0.9828267
KGKKGKKGKKGKKGKKGKKGKKGKKGKKGKKGKKGKKGKKGKKGK,0.017178146,0.9828219
IRLEKARHGSCNYVFPAH,0.017252324,0.9827477
FLGGLIKWWPWRR,0.017287638,0.9827124
EKCWNFRGSCCDECLKNERVYVFCVSGKLCCLKPKDQPHLPQHIKN,0.017291104,0.9827089
WCCRQFN,0.017303796,0.9826962
GTAALTEVIPLTEEAEC,0.017367963,0.98263204
MKVLYLLFSFLFIFLMPLPGVFGDIRNPVTCVRSGAICLPGFCPRRYKHIGVCGVSAIKCCKKP,0.017370071,0.9826299
FNRGGYNFGKSVRHVVDAIGSVAGILKSIR,0.017376795,0.9826232
WDWICEVLSDFK,0.01738136,0.98261863
RKLRRLKRKIAHKVKKY,0.017457308,0.9825427
EKCWNLRGSCREKCIKNEKSYVFCMSGKLCCVKPKFQPKSLQTPD,0.017483994,0.98251605
IQKEIDRLNEVAKNLNESLIDLQELGK,0.017554332,0.9824457
KNLRRIIRKISHIIKKYG,0.01757971,0.98242027
GKKLFVNVLDKIRCKVAGGC,0.017580645,0.9824193
CDVIALLECHLNT,0.017650511,0.9823495
TSRCYVGYRRKIVCS,0.017662914,0.98233706
VNWKKILAKIIKVVK,0.017663984,0.982336
ILGPVISTIGNVLGGLLKNL,0.01772168,0.9822783
FLPLFLPKIICVITKKC,0.017755495,0.9822445
ILRWPWAPWRRK,0.017794997,0.982205
GINTLKKVIQGLHEVIKLVSNHE,0.017810483,0.98218954
CLRWPWWPWRRK,0.017819278,0.9821807
WEAWVRWI,0.017832097,0.98216784
LLGNFFRKAREKIGKEFKRIVQRIKDFLQHLVPRTEA,0.017889634,0.9821104
TMKKPLLLLFFFGTISLSLCEQERDAD,0.01791433,0.9820857
GLWQFIKDKFKDAATGLVTGIQS,0.01793673,0.9820633
GLRSKIKEAAKTAGKMALGFVNDMAGEQ,0.017946301,0.9820537
FFSASCVPGADKGQFPNLCRLCAGTGENKCA,0.017965488,0.98203456
CGESCVFIPCITSLAGCSCKNKVCYYDGGSVP,0.018066805,0.98193324
RIKRFWPVVIRTVVAGYNLYRAIKKK,0.018075934,0.98192406
LWETLRRGGRWILAIPRRIRQGLELCL,0.018088825,0.9819112
GVPCAESCVWIPCTVTALLGCSCKDKVCYLN,0.01808895,0.981911
INASVVNIQKEIDRLNEVAKNLNESLIDL,0.01811816,0.9818818
QVYKGGYTRPIPRPPPFVRPLPGGPIGPYNGCPISCRGISFSQARSCCSRLGRCCHVGKGYS,0.018142357,0.98185766
TLKKSLLLIFFLGTISLSLCEKERDADDDEVEVIKQEEKR,0.018161435,0.9818386
WEEWDKKIEEYTKKIEELIKKSEEQQKKNEEELKK,0.01816817,0.9818318
IGKLFKRIVQRILKFLRNL,0.018235324,0.9817647
GWINEEKIQKKIDEP,0.018240755,0.9817592
RRWWCRI,0.018314179,0.9816858
FKCRRWQWRMKKLGAPSITCVRRAFA,0.018320028,0.98168
FPVTWPTKWWKG,0.018356066,0.9816439
KKKKVLAATYVFV,0.01850636,0.98149365
GWKIGKKLEHHGQNIRDGLISAGPAVFAVGQAATIYAAAK,0.018517803,0.98148215
VRLIVRIWRR,0.01854575,0.98145425
GSLLGDFFRKSKEKIGKEFKRIVQRIKDFLRNLVPRTES,0.018585699,0.98141426
YTSLIHSLIEEVQNQQEKNEQELLELDKWASLWNWF,0.018590288,0.9814097
GKFLHSAGKFGKAFLGEVMIG,0.018672474,0.98132753
GLLSVLLGSVAKHVLPHVVPVIAEHL,0.01869519,0.9813048
AAAAAAAAAAGIGKFLHSAKKFGKAFVGEIMNS,0.018707931,0.98129207
FLPLVRGAAKLIPSVVCAISKRC,0.018708427,0.9812916
KRWWKWWRR,0.01887081,0.98112917
KRFKKFFKKLK,0.019101024,0.980899
ILRRWPWWPWRRK,0.019154139,0.98084587
KKIASIGKEVLKAL,0.019163197,0.9808368
GLPRKILCAIAKKKGKAKGPLKLVCKA,0.019163592,0.98083645
QKKIRVRLSW,0.019195406,0.98080456
RCICGLRVC,0.019220235,0.98077977
KSCCRSTTARNIYNGCRVPGTARPVCAKKSGCKIQEAKKCEPPYD,0.019271044,0.9807289
ARHGSCNYVFPAHKCI,0.019329205,0.9806708
FFPVIGRILNGIL,0.019346885,0.9806531
QDKCKKVYENYPVSKCQLANQCNYDCKLDKHARSGECFYDEKRNLQCICD,0.019422868,0.9805772
RTCESPSNKFQGVCLNSQSCAKACPSEGFSGGRCSSLRCYCSKAC,0.019435184,0.98056483
GRFKRFRKPFKKLFKKIS,0.019463306,0.9805367
FVLGVVTKLLPSLFCMITKKC,0.01946973,0.98053026
KWLNALLHHGLNCAKGVLA,0.019608356,0.9803916
SWLRDLWDWICELLSDFK,0.01961655,0.9803834
LLSKVYQILQPILQKLSATLQKIKEVLK,0.019763066,0.98023695
FLSMIPHIVSGVAALAKHLG,0.019765688,0.98023427
EKCLRWQWAMRKVGG,0.019792285,0.9802077
KEAIRDTNKAVQSVQSSIGNLIVAIKSVQDYVNKE,0.019806117,0.98019385
GLVGTLLGHIGKAILS,0.019807227,0.98019284
KVKVKVKVPPTKVKVKVK,0.019832503,0.9801675
ELSNIKENKCNGTDAKVKLIKQELDKYKNAVTELQ,0.019885775,0.9801142
FNRGGYNFGKSVRHVVDAIGSVAGIRGILKSIR,0.019944433,0.9800556
RRTCRCRFGRCFRRESYSGSCNINGRISSLCCR,0.019954095,0.9800459
DLWETLRRGGRWILAIPRRIRQGLELCL,0.019993346,0.9800067
GKIPVKAIKQAGKVIGKGLRAINIAGTTHDVVSFFRPKKKKH,0.019997617,0.9800024
CKIALPYTMRCRVLGKC,0.02001042,0.9799896
SPEGWFRTCFYGLGKCRRICRANEKKKERCGERTFCCLRETNSRLSHIPVTKDREKDESC,0.02001558,0.9799844
AISCGQVSSALSPCISYARGNGAKPPVACCSGVKRLAGAAQSTADKQAACKCIKSAAGGLNAGKAAGIPSMCGVSVPYAISASVDCSKIR,0.020149134,0.9798509
EDVVCC,0.020224204,0.9797758
FDIMGLIKKVAGAL,0.020238249,0.9797618
HPGDAQGPDSCNHGGGLCRVGTCVSGEYPAQYCFEPIILCCKNLPPATTE,0.020256933,0.97974306
DRLRQKVAIQRLGLAVSRKVGNAVVRNRIKRRLRETDVLVMGAYL,0.020264661,0.9797354
KRKRFAKKFLRFLRKVIRFLKRFIRRF,0.020302255,0.9796977
NDITLNNSVALDPIDISIELNKAKSDLEESKEWIR,0.02030719,0.9796929
KLCQRPSGTWSG,0.020327896,0.97967213
SDKPDVKEVESFDKSKLKKVETQEKNPLPTKETIEQEKKG,0.020351935,0.9796481
TDKIRTLQGRVVSDKMEKSIVVAIERFVKHPIYGKFIKRTTKLHVHDENNECGIGDVVEIRECRPLSKTKSWTLVRVVEKAVL,0.020389836,0.97961015
GILKGILGMGKNLVCGLSGLC,0.020426938,0.979573
NQGRHYCGGALIHARFVMTAASCFQ,0.02048771,0.9795123
INASVVNIQKEIDRLNEVAKNLNESLIDLQELGKYEQYIKWPW,0.020487955,0.9795121
EKCLRWQNEMRKVGGPPLSCVKKSS,0.020507604,0.9794924
DDGVEITEEEVKRGLMDTVKNAAKNLAGQMLDKLKCKITGSC,0.020552076,0.97944796
SMGAVKLAKLLIDKMKCEVTKAC,0.020573571,0.97942644
SVKKFWGGVKAIFKGARKGLK,0.020603761,0.9793962
FLPILINLIHKGL,0.020656668,0.97934335
KRRWRIWLV,0.020753277,0.97924674
CDGKCKVRCSKASRHDDCLKYCGVCCASCNCVPSGTAGNKDECPCYRDMTTGHGARKRP,0.020858001,0.97914207
LDFAKHVIGIASKL,0.020911876,0.9790882
RGFRKHFNKLVKKVKHTISETAHVAKDTAVIAGSGAAVVAAT,0.020941377,0.9790586
GFFGNTWKKIKGKADKIMLKKAVKIMVKKEGISKEEAQAKVDAMSKKQIRLYLLKHYGKKLFKKRPKNCDQ,0.020985814,0.9790142
GDVNWVDVGKTVATNGAGVIGGAFGAGLCGPVCAGAFAVGSSAAVAALYD,0.021023445,0.97897655
FLFKLIPKAIKGLIKAFK,0.02103558,0.97896445
FFPIVGKLLFGLFGLL,0.021044105,0.9789559
RIAGYGLRGLAVIPRRICIRGLNLIFEIIR,0.021051783,0.97894824
ILLSFFASGGTQKCWNLHGRCRQKCSRRERVYIYCTNNKLCCVKPKFQPREQLWPF,0.021069543,0.9789305
HEPCGESCVFIPCITTVVGCSCKNKVCYD,0.021079209,0.9789208
MTKEPFKTKYGQGSKVCKRCGRKGPGIIRKYGLDLCRQCFRELAPKLGFKKYD,0.021113262,0.9788867
AISCGQVSSALSPCISYARGNGAKPPAACCSGVKRLAGAAQSTADKQAACKCIKSAAGGLNAGKAAGIPSMCGVSVPYAISASVDCSKIR,0.021159846,0.9788402
VFQFLGKIIKKVGNFVKGFSKVF,0.021175936,0.978824
ILKKWAWWPWRRK,0.02134989,0.9786501
LLGMIPLAISAISALSK,0.021403363,0.9785966
IRLEKARHGSCNY,0.021545585,0.9784545
TIELSNIKENKCNGTDAKVKLIKQELDKYKNAVTE,0.021605857,0.97839415
GIGGALLSAAKVGLKGLAKGLAEHFAN,0.021668464,0.9783315
KSCCPNTTGRNIYNTCRFGGGSREVCARISGCKIISASTCPSDYPK,0.02170019,0.9782998
ILGPVLSMVGSALGGFFKKI,0.021919401,0.9780806
GLPASISWIKRKRQQ,0.022006378,0.9779936
SSGWVCTLTIECGTVICAC,0.02202264,0.97797734
GIGGKILSGFKTALKGAAKELAFTYLH,0.022034049,0.97796595
KLKEAIRDTNKAVQSVQSSIGNLIVAIKSVQDYVN,0.022055708,0.9779443
ILELAGNAARDNKKTRIIPRHLQL,0.022078991,0.977921
ACDFNSCWATCKAQNGIYFRRAFCDGPTCLCVFLNAG,0.02212887,0.9778711
GLLSGILGAGKHIVCGLSGPCQSLNRKSSDVEYHLAKC,0.02214318,0.9778568
RRLRPRHQHFPSERPWPKPLPLPLPRPGPRPWPKPLPLPLPRPGLRPWPKPL,0.022148702,0.9778513
SKLLKSTNFQRLGLSISRKNIKHAYRRNKIKRLIRELDFVVIVNIL,0.022235654,0.97776437
QRGSCREKCMRNERVYIFCPSGKLCCVKLLDVPEWSR,0.022307837,0.9776921
KWKLFKKIPKFLHLAKK,0.022324285,0.9776757
GLLKRIKTL,0.022379437,0.9776205
AEAASQVTNTATIM,0.022397934,0.9776021
GLLGPLLKIAAKVGKKLL,0.022399075,0.97760093
KIPCGESCVWIPCLTSVFNCKCENKVCYHD,0.022448769,0.9775512
CLLLGTEVSEALGGAGLT,0.02259945,0.9774006
KKKKVVAATYVLP,0.022665638,0.9773344
CGESCVYIPCFIPGCSCRNRVCYLNSAIA,0.022694955,0.977305
KKKKKKAAFALWAAFAA,0.02272119,0.9772788
ARSFISNDECPSEHYHCRLKCNADEHAIRYCADFSICCKLKIIEIDGQKK,0.022801273,0.9771987
GLLGPLLKIAAKVGSKLL,0.022866366,0.97713363
FLPIVTNLLSGLL,0.0228667,0.9771333
SALVGCWTKSYPPKPVSVDDKTCLANHLMWNIIWLNARCLMKK,0.022899799,0.9771002
MRLHHLLLALLFLVLSAGSGFTQGVRNSQSCRRNKGICVPIRCPGSMRQIGTCLGAQVKCCRRK,0.02295717,0.97704285
FLPIVGKLLSLF,0.023222957,0.9767771
GNGVIKTISHECHMNTWQFIFTCCS,0.023280788,0.9767192
ARGKFKEICERPDGSCRDFCLETEIHVGRCLNSRPCCLPLGHQPRIESTTPKKD,0.023313694,0.9766863
AIPCGQVNSALASCVSYAKGSGASPPGACCSGVRRLAGLARSTADKQAACRCIKSAAGGLNPGKAASIPSKCGVSIPYSISASVDCSKIH,0.023366433,0.9766336
GTQRCWNLHGRCRHRCSKKERVYVYCVNSKMCCVKPRYQPKGRLWPF,0.023465334,0.97653466
LKLKSIVSWAKKVL,0.02352361,0.97647643
RWCFRVCYRGICYRKCR,0.0235314,0.97646856
VQLRAIRVRVIR,0.023540635,0.9764594
GFFGNTWKKIKGKADKIMLKKAVKIMVKKEGITKEEAQAKVDAMSKKQIRLYLLKYYGKKALQKASEKL,0.023636224,0.9763638
NGVYCNKQKCWVDWSRARSEIIDRGVKAYVNGFTKVLGGIGGR,0.023781754,0.9762182
ILKKWPWWPWK,0.023823949,0.9761761
GLWQLIKDKFKDAATGFVTGIQS,0.023864092,0.97613585
FLPIASLLGKYL,0.02392227,0.97607774
FLPILASLAATLGPKLLCLITKKC,0.02392517,0.9760748
ILPWKWPWLPWKK,0.023939192,0.97606087
DPQTDCQQCQRRCRQQESGPRQQQYCQRRCKEICEEEEEYN,0.023950944,0.97604907
FLPAVLKVAAHILPTAICAISRRC,0.023983648,0.97601634
EKLKEAIRDTNKAVQSVQSSIGNLIVAIKSVQDYV,0.024010913,0.9759891
SASVLKTSIKVSKKYCKGVTLTCGCNITGGK,0.024079997,0.97592
KCPTPAIEPPTGTFGFFPGV,0.024225721,0.9757742
GIPCAESCVYIPCTITALLGCKCQDKVCYD,0.024361398,0.9756386
KIASIGKEVLKAL,0.024375733,0.97562426
GWFKKAWRKVKNAGRRVLKGVGIHYGVGLI,0.024426876,0.9755732
GLEFSEPFPSGRFAVCESCKLGRGKCRKECLENEKPDGSCRLNFLCCRPRM,0.02442702,0.975573
SGECNMYGRCPPGYCCSKFGYCGGVRAYCG,0.024497315,0.97550267
NQGRHFCAGALIHARFVMTAASSFQ,0.024522565,0.97547746
PMKKSLCLLFFLGTISLSLCEQERDADEEEGSENGAEDIK,0.024524681,0.9754754
SLWETIKNAGKGFIQNLDKIR,0.024529094,0.9754709
GLPALISWIKRKRQQ,0.02456224,0.97543776
GIPCAESCVYIPCTVTALLGCSCSNRVCYN,0.024628058,0.97537196
LRPWECSPKCAGRCSNTQYKKACLTFCNKCCAKCLCVPPGTYGNKGACPCYNNWKTKEGGPKCP,0.024777416,0.9752225
MKCKFCCNCCNLNGCGVCCDF,0.02479063,0.97520936
KWKSFIKNLTKGGSKILTTGLPALIS,0.025011744,0.9749883
GIGAVLKVLTTGLPALISWIKRKRQQG,0.025020616,0.9749794
GIMDTLKNLAKTAGKGALQSLLNHASCKLSGQC,0.025118697,0.9748813
QIVDCWETWSRCTKWSQGGTGTLWKSCNDRCKELGRKRGQCEEKPSRCPLSKKAWTCICY,0.02512498,0.97487503
DIDITGCSACKYAAGQVCTIGCSAAGGFICGLLGITIPVAGLSCLGFVEIVCTVADEYSGCGDAVAKEACNRAGLC,0.025148151,0.97485185
ARSYGNGVYCNNKKCWVNRGEATQSIIGGMISGWASGLAGM,0.02522625,0.97477376
KRRWPWWPWRLI,0.025262496,0.97473747
CIRLEKARHGSC,0.025347605,0.9746524
GIMDTVKNAAKDLAGQLLDKLKCRITGC,0.025459945,0.9745401
NDPEMQYWTCGYRGLCRRFCHAQEYIVGHHGCPRRYRCCAVRS,0.025469953,0.97453004
GILSGILGVGKKLVCGLSGLC,0.02560851,0.9743915
ALWKNMLKGIGKLAGQAALGAVKTLVGAES,0.025617957,0.97438204
GIFSKVLGAGKKVLCGVSGLC,0.025627313,0.9743726
GRLRNLIEKAGQNIRGKIQGIGRRIKDILKNLQPRPQV,0.02581266,0.9741874
KYYGNGVSCNKNGCTVDWSKAIGIIGNNAAANLTTGGAAGWNKG,0.025877671,0.9741223
NQGRHFCGGALIHARFVMTAARCFQ,0.02588172,0.9741183
RRKRRR,0.025882702,0.97411734
KKWGWLAWVEPAGEFLKGFGKGAIKEGNKDKWKNI,0.025882713,0.9741173
LFGFLIPLLPHIIGAIPQVIGAIR,0.025927711,0.97407234
TLKKSLLLIFFLGTISLSLC,0.025943287,0.9740567
KPPSKPNNDFHFEVFNAVPNSING,0.02607561,0.97392434
WEDAVRWI,0.026128925,0.9738711
TFCGETCRVIPVCTYSAALGCTCDDRSDGLCKRNGDP,0.026188856,0.97381115
KEDLIWKLLSKAQEKFGKNKSR,0.02624953,0.9737505
GRFKRFRKKFKKLFKKIS,0.02626324,0.9737367
FLSLIPHAISAISAIANHL,0.026494535,0.9735055
GIGGKILSGLKTALKGAAKELAATYLH,0.026542192,0.97345775
KFFKRLLKSVRRAVKKFRKKPRLIGLSTLL,0.026551645,0.9734483
KWKSFIKKLTKKFLHSAKKF,0.026557758,0.97344226
FLPLLFGAISHLL,0.026570944,0.9734291
KKKKVLLATYVLV,0.026617311,0.9733827
RKCLRWQWEMRKYGG,0.026661638,0.97333837
FIGSALKVLAGVLPSIVSWVKQ,0.026687354,0.9733127
GFFGNTWKKIKGKADKIMLKKAVKIMVKKEGIFKEEAQAKVDAMSKKQIRLYLLKYYGKKALQKASEKL,0.02680547,0.97319454
VVEKMFKKFRCGLSGNDC,0.026912611,0.97308743
EVERKHPLGGSRPGRCPTVPPGTFGHCACLCTGDASEPKGQKCCSN,0.026990239,0.97300977
TLKKSMILLFFLGTISLSLC,0.027085897,0.9729141
GLPQDCERRGGFCSHKSCPPGIGRIGLCSKEDFCCRSRWYS,0.027114786,0.97288525
LRLLTPEHYQRLGLAVPKKQIKTAVGRNRFKRICRELDFVVLFNLL,0.027170869,0.9728291
FLFRVASKVFPALIGKFKKK,0.027210224,0.97278976
KKKKVLLPFLFVF,0.027224565,0.9727754
MAKKSLKVKQAKHPKFNVRNYTRCNHCGRPHAVLKKFGICRLCFRKFAYEGQIPGIKKAS,0.027296241,0.97270375
GWTRKCGYGTGNCRKSCKENEKKKEKCGLRKLCCIP,0.027299365,0.97270066
RCLPAGKTCVRGPMRVPCCGSCSQNKCT,0.027355786,0.9726442
MAKFASIIALLFAALVLFAAFEAETMVEAQKLCERPSGTWSGVCGNNNACKNQCINLEKARHGSCNYVFPAHKCICYFPC,0.027387332,0.9726127
APPGFTPFRS,0.027515186,0.97248477
EINCTRPNNNTRKSIRIQRGPGRAFVTIGKIGNMRQAHCNIS,0.027600517,0.9723995
RWKVFKKIEKVGRNIRDGVIKAAPAIEVLGQAKA,0.0276054,0.97239465
QPPIRNPPPGGWKPFPTFPGQGPYNPKIRFPH,0.027637772,0.9723623
KEIDRLNEVAKNLNESLIDLQELGKYEQYIKWPWYVW,0.027737036,0.972263
WNPFKELERAGQRVRDAIISAAP,0.027789235,0.97221076
YHRLRDLLRIVTRIVELL,0.027823526,0.97217643
RRWWCRG,0.027859176,0.9721409
RCVCTRGFC,0.027863726,0.97213626
GLRKRLRKFRNKIKQKLKKI,0.02787004,0.97213
GFGCPGDQYECNRHCRSIGCRAGYCDAVTLWLRCTCTGCSGKK,0.02791399,0.97208595
FLGGILNTITGL,0.027997514,0.9720025
ECKFTVKPYLKRFQVYYKGRMWCP,0.028055163,0.9719448
RIDLGPPISLERLDVGTNLGNAIAKLEAKELLES,0.028076872,0.9719231
ACIKNGGRCVASGGPPYCCSNYCLQIAGQSYGVCKKH,0.028104823,0.9718952
MANIKAVFLICIVAFIAFHCVVAEPTAEDSVVVKRSLGGVISGAKKVAKVAIPIGKAVLPVVAKLVG,0.028137455,0.9718625
RGLRRLGRKIAHGVKKY,0.028157532,0.9718424
QRVRNPQSCRWNMGVCIPFLCRVGMRQIGTCFGPRVPCCRR,0.02819269,0.9718073
CLLLGTEVSEALGGAGLTG,0.02851021,0.97148985
MRLHHLLLTLLFLVLSAGSGFTQGISNPLSCRLNRGICVPIRCPGNLRQIGTCFTPSVKCCRWR,0.02852065,0.97147936
RCLCGLRIC,0.028564192,0.9714358
FKRLKKLFSKIWNWK,0.028575668,0.97142434
KWKSFIKKGTSKFLHSAKKF,0.028630719,0.97136927
GGLKKLGKKLEGAGKRVFNAAEKALPVVAGAKAL,0.028919,0.971081
ITIPPIIKDTLKKFFKGGIAGVMGKSQ,0.028919194,0.9710808
RWTKQIPPNQCSGKKKNKNGKSFN,0.028935667,0.9710643
APRKNVRWCTI,0.028949078,0.971051
KKWWRRVLSGLKTGPALSNV,0.028984807,0.97101516
GLISGILGVGKMLVCGLSGLC,0.02905485,0.9709451
AQCGAQGGGQTCPGGLCCSQWGWCGSTPKYCGAGCQSNCR,0.029139688,0.9708603
YITCLFRGARCRVYSGRSCCFGYYCRRDFPGSIFGTCSRRNF,0.0291822,0.97081786
GINSLPSEIHKKCYKNGICRLECYESEMLVAYCMFQLECCVTGNPAP,0.02930265,0.9706974
LCAALCLAIGRR,0.029333558,0.9706664
GNGVLKTISHECNMNTWQFLFTCC,0.029349927,0.9706501
TDVILMCFSIDSPDSL,0.029458506,0.9705415
MQYWTCGYRGLCRRFCYAQEYIVGHHGCPRRYRCCAVRF,0.029490061,0.97051
TTWEAWDRAIAEYAARIEALIRALQELQEKNEAALREL,0.029505406,0.9704946
NEVAKNLNESLIDLQELGKYEQYIKWPWYVW,0.029603235,0.97039676
KWKLFKKGIGAVLKV,0.029697418,0.9703026
ATAWDFGPHGLLPIRPIRIRPLCGKDKS,0.02970428,0.9702957
GGTIFDCGESCFLGTCYTKGCSCGEWKLCYGTN,0.02980295,0.9701971
GIACGESCAYFGCWIPGCSCRNKVCYFN,0.029836474,0.9701635
VALDPIDISIELNKAKSDLEESKEWIRRSNQKLDS,0.029845862,0.9701541
ALWKNMLKGIGKLAGQAALGAVKTLVGAE,0.029869352,0.9701307
KWLDAFYKDVAKELEKAF,0.029891808,0.9701082
YTSLIHSLIEEWQNQQEKNEQELLELDKWASLWNWF,0.0299387,0.97006136
FTCAISCDIKVNGKPCKGSGEKKCSGGWSCKFNVCVKV,0.02995006,0.97005
GIGKLFLHAAKKFAKAFVAEKMNS,0.02996664,0.9700334
CAETCIYIPCFTEAVGCKCKDKVCYKN,0.030045805,0.9699542
TDVILMCFSIDSP,0.03006511,0.9699348
SVMGTVKDLLIGAGKSAAQSVLKSLSCKLSNDC,0.03022357,0.96977645
TDVILMCFSIDSPDSLEAI,0.03042551,0.9695746
QVVRNPQSCRWNMGVCIPISCPGNMRQIGTCFGPRVPCCR,0.030454535,0.9695454
LACVTNEGPKWANTYCAAVCHMSGRGAGSCNAKDECVCSMT,0.030539205,0.9694608
ALKAALLAILKIVRVIKK,0.030542696,0.96945727
ALLHHGLNCAKGVLAALLHHGLNCAKGVLA,0.03057149,0.9694285
VANDPIDISIELNKAKSDLEESKEWIRRSNQKLDSD,0.030727059,0.969273
EFKRCWKGQGACQTYCTRQETYMHLCPDASLCCLSYALKPPPV,0.03073313,0.9692669
LIRELGQRIRRPIRRIARCAG,0.030744808,0.96925515
KRLFKELKKSLRKY,0.030766807,0.96923316
GLRKRLRKFRNKIKEKLKKIG,0.030801643,0.9691983
ILPWKWPKLPWRR,0.030903976,0.969096
RVVRVVRRWVRR,0.031030742,0.9689693
MNFNKVFILVAIVIAIFAGQTEAGWLKKIGKKIERVGQHTRDATIQTIAVAQQAANVAATARG,0.031076577,0.96892333
CVHWQTNTARTSCIGP,0.03115394,0.968846
SVSNAATRVCRTGRSRWRDVCRNFMR,0.03119598,0.968804
EVIDKINAKGVCRST,0.031223852,0.9687761
TDAILMCFSIDSPDSLENI,0.031302195,0.9686978
DSHAKRHHGYKRKFHEKHHSHRGYRSNYLYDN,0.03136706,0.96863294
LKLGTLVNLAKKIL,0.03138428,0.96861565
GLLDVVKGAAKNLLASALDKLKCKVTGC,0.031463407,0.9685366
TSYGNGVHCNKSKCWIDVSELETYKAGTVSNPKDILWSLKE,0.03148265,0.96851736
ARLLKRKQFVKVGVTVSKKFGKAHQRNRFKRIVRELQVVVLSADLLKHI,0.031513043,0.9684869
RKFHEKHHSHRGYRSNYLYDN,0.031533454,0.9684666
LNNSVALDPIDISIELNKAKSDLEESKEWIRRSNQ,0.031539895,0.9684601
GIKKFLHIIWKFIKAFVGEIMNS,0.031640455,0.96835953
GFMDTAKNVAKNVAVTLIDKLRCKVTGGC,0.03164796,0.9683521
RLRLRIGRR,0.03166031,0.96833974
GGLKKFGKKLEGVGKRVFKASEKALPVVTGFKAL,0.031671032,0.96832895
FKRLEKLFSKIQNDK,0.031987213,0.96801275
FLPILGNLLSGLL,0.032043315,0.96795666
GIFSLFKTAAKFVGKNLLKEAGKAGLEHLACKVKNEC,0.032084197,0.96791583
GLFKVLGSVAKHLLPHVVPVIAEK,0.032119945,0.96788013
SFFKKAAHVGKHVGKAALTHYL,0.03225558,0.9677444
FLPLVLGALSGILPKILGK,0.03234073,0.9676593
SPIGSHDSRLSLQQGTKLLERRTRMTPLWRFMGTKPTGAYCRDHFECSTQICRRGHCALSGAVHS,0.032379743,0.96762025
QRSVSNAATRVCRTGRSRW,0.03243581,0.9675641
GLVSSIGKALGGLLADVVKSKGQPA,0.032526106,0.9674739
DLIWGLLSKAQEKFGKNKSR,0.03261797,0.9673821
MNSKLTALIFLGLIAIAYCGWINEEKIQKKIDERMGNTVLGGMAKAIVHKMAKNEFQCMANMDMLGNCEKHCQTSGEKGYCHGTKCKCGTPLSY,0.032672323,0.9673277
KKKSGVIPTVSHDCHMNSFQFVFTCCS,0.03274136,0.96725863
RPPGFTPFRVY,0.032788433,0.9672116
NQGRHFCGGALIHARFLMTAASCFQ,0.032877427,0.96712255
MKCWNNLGRCRETCEQNEVFHIMCKNEGMCCISPKHLPARN,0.03289337,0.9671066
GWASSIGSILGKFAKGGAQAFLQPK,0.03297799,0.96702194
YRVKSDKDFQRVGLSVGKRLGNAVVRNAIKRKLRHLGDFVVMKKNL,0.03299816,0.96700186
QSISCAESCVWIPCATSLIGCSCVNSRCIYSK,0.033010345,0.96698964
GRLHPQDCQPKCTYRCSKTSYKKPCMFFCQKCCAKCLCVPAGTYGNKQSCPCYNNWKTKRGGPKCP,0.03304038,0.9669596
YTSLIHSLIEESQNLQEKNEQELLELDKWASLWNWF,0.033144925,0.96685505
KLLKQWPIGKLLKKLLKKLLK,0.03317033,0.96682966
MDVNPTLLFLK,0.033218388,0.9667816
CGLKTNPAC,0.03324953,0.9667505
RIGSILGALASKLPTLISWIKNRG,0.03331383,0.9666861
LIDHLGAPRWAVDTILGAIAVGNLASWVLALVPGPGWAVKAGLATAAAIVKHQGKAAAAAW,0.033355787,0.9666442
KFAKKFAKKFAKKFAK,0.03340981,0.96659017
GLFGILGSVAKHVLPHVVPVIAEHS,0.033413086,0.9665869
VLPLVGNLLNDLL,0.03341996,0.9665801
EFKRCWKGQGACRTYCTRQETYMHLCPDASLCCLSYALKPPPVPKHEYE,0.033425003,0.966575
LWETLRRGCRWILAIPRRIR,0.033529777,0.96647024
SMFSVLKDLGKVGLGFVACKVNKQC,0.033606328,0.96639365
GCLEFWWKCNPNDDKCCRPKLKCSKLFKLCNFSF,0.033734385,0.9662656
TTWEAWDRAIAEYAARIEALIRAAQELQEKLEAALREL,0.033899534,0.96610045
GLEEKLCGHSTASCRKRCLLDEKEIGKCLNMAPCCLKSF,0.033960223,0.96603984
GVIDAAKKVVNVLKNLFG,0.03398949,0.9660105
LIDHLGAPRWAVDTILGAIAVGNLASWVLALVPGPGWAVKAGLATAAAIV,0.03415893,0.96584105
DVKGMKKAIKGILDCVIEKGYDKLAAKLKKVIQQLWE,0.034180246,0.9658197
QLQGKQVSGEVVQKVLQELIQSVAKP,0.034209214,0.9657908
GIGAVLKVLTTGLPALISWIRKKRQQ,0.03421118,0.9657888
GNNKPVYIPRPRPPHPRLV,0.034241386,0.9657586
LLVLLFLVLSAGSGFTQGVGNPVAVLGIKASVCRAGALET,0.03426897,0.965731
RTCENLADKYRGPCFSGCDTHCTTKENAVSGRCRDDFRCWCTKRC,0.034271423,0.9657286
GRCVCRKQLLCSYRERRIGDCKIRGVRFPFCCPR,0.034310516,0.96568954
KILRGVAKKIMRTFLRRILTGKK,0.034335896,0.96566415
KGIGSALKKGGKIIKGGLGALGAIGTGQQVYEHVQNRQ,0.034361452,0.9656385
ERLRGSCRVRRFLATFRRGYGKAVARNRARRLSKELVDLVLLLCVL,0.03445368,0.9655463
NIMFSLFKARSLFFKEVCRSGYYNCRMKCNADEFAIRYCADWSICCRLKKTELKKKKMW,0.03445897,0.96554106
DLIWKLLSKAQEKFGKNKSR,0.034529522,0.96547043
LRLKHWQDFQRFGITVSQKVSKKATVRNRLKRQIRAIKDVVIFLREL,0.034552284,0.96544766
MDVNPTLLFLKVPAQNAIST,0.03455269,0.9654473
PDVDLGDISGINASVVNIQKEIDRLNEVAKNLNESLIDLQ,0.034605134,0.96539485
GIPCGESCVFIPCISSVIGCSCSSKVCYRN,0.034702484,0.96529746
VIEPKCYKYEGKKCPPDINPVCGTDKRTYYNECALCVFIRQSTKKADKAI,0.03477962,0.9652204
TLKKSMLLLFFLGTISLSLCEEERNADEDDGEKE,0.034964558,0.96503544
GKWMSLWKHILK,0.0349745,0.96502554
VNPIILGVLPKFVCLITKKC,0.035077106,0.9649229
YTSLIHSLIEEDQNQQEKNEQELLELDKWASLWNWF,0.035314273,0.9646857
MRIVYLLFPFFLLFLQSAAGTPIQCRIRGGFCRFGSCRFPHIAIGKCATFIPCCSIWG,0.035377387,0.96462256
WLGSALKIGAKLLPSVVGLFKKKKQ,0.03554985,0.9644501
PLKKSMLLLFFLGTISLSLC,0.035562526,0.9644375
GLFLDTLKGLAGKLLQGLKCIKAGCKP,0.035564337,0.9644357
ISVCITVC,0.03573029,0.9642697
RIGSFLGALASKLPTLISWIKNR,0.03585635,0.9641436
RHFCGGALIHARFLMTAASS,0.03618712,0.9638129
VALDPIDISIELNKAKSDLEESKEWIRRSNQKLDSD,0.036197096,0.9638029
SGMNPYIKEAFDKCWLMKDVCRKKCGKNEIDHIVCDNADVCCITEEEMPILVG,0.036314845,0.96368515
MKILYLLIPFFLLFLQGAAGTATQCRIRGGFCRVGSCRFPHIAIGKCATFISCCGRAYEVDALNSVRTSPWLLAPGNNPH,0.03632135,0.96367866
AYPGNGVHCGKYSCTVDKQTAIGNIGNNAA,0.036377527,0.96362245
ALWKSLLKNVGVAAGKAALNAVTDMVNQ,0.03650454,0.9634955
MFTSKKSLLVLFFLGTISLSFCEEERNADEDDGEMTEEVKRGILDTLKEFGKTAAKGIAQSLLSTASCKLAKTC,0.03659849,0.9634015
GMWSKILGHLIR,0.036603477,0.9633965
WILAFVPYNPPRPGQSKPFPTFPGHGPFNPKTQWPYPLPNPGH,0.036795978,0.9632041
KWKKLLKKPPPLLKKLLKKL,0.036908165,0.9630918
MADKGVGSRLSALFLLVLLVISIGMMQLEPAEGRTCKTPSGKFKGVCASRNNCKNVCQTEGFPSGSCDFHVANRKCYCSKPCP,0.036928464,0.9630716
MAGFSKVVATIFLMMKVFATDMMAEAKICEALSGNFKGLCLSSRDCGNVCRREGFTDGSCIGFRLQCFCTKPCA,0.03693294,0.96306705
GKWKAFKKAAKKFAKKCS,0.036937125,0.9630629
GIFFALLSAAKVGLKGLAKGLAEHFAN,0.03695045,0.9630496
GVFLDALKKFAKGGMNAVLNPK,0.036954388,0.9630456
AQITAAVALVEAKQARSDIEKLKEAIRDTNKAVQS,0.037006415,0.96299356
KWKLFKKISKFLHLAKKF,0.03722793,0.96277213
TDVILMCFSIDSPDALENI,0.03736102,0.962639
AISCGQVASAIAPCISYARGQGSGPSAGCCSGVKSLNNAARTTADRRAACNCLKNAAAGVSGLNAGNAASIPSKCGVSIPYTISTSTDCSRVN,0.03740392,0.9625962
VTCYCRSTRCGFRERLSGACGYRGRIYRLCCR,0.037444323,0.96255565
AKIPIKAIKTVGKAVGKGLRAINIASTANDVFNFLKPKKRKA,0.037532452,0.96246755
FKAFKAFKAFKA,0.037581254,0.9624188
AWASFFKKAAHVGKHVGKAALTHYL,0.037611388,0.96238863
INLKAIAAMAKKLL,0.037675604,0.96232444
KICCPTKDDRSVYFVCMLSVSSQFYCLLKSKCKNTSQTICPPGYTN,0.037792444,0.96220756
TDVILMCFSIDSPDSLANI,0.037855577,0.96214443
FLSLIPHAINAISAIANHF,0.0378661,0.96213394
KKVVVKVKFK,0.037889477,0.9621105
NRLRRREDFARAGFVVSKAVGVAVVRNKVKRRLRHLPLVVVLARDL,0.03793674,0.96206325
GIGKFLHSAKKFAKAFVAEIMNS,0.03801029,0.96198964
APRKNVRWCAISPPEGSKCYQWQKKMRKLGRPL,0.038029745,0.96197027
NAEEERRDEPDETDVEVEKRFLPIIAGVAAKVFPKIFCTISKKC,0.038062107,0.9619379
IKENKCNGTDAKVKLIKQELDKYKNAVTELQLLMQ,0.03816639,0.9618336
GIGKFLHSAGKFGKAFVGEIMK,0.038168885,0.9618311
VFWRRIRVWVIR,0.0382757,0.96172434
KKSGVIPTVSHDCHMNTFQFMFTCCS,0.03835304,0.9616469
GGSVPCGESCVFIPCITSLAGCSCKNKVCYYD,0.03849104,0.9615089
VAGALGVQTAAATTIVNVILNAGTLVTVLGIIASIASGGAGTLMTIGWAT,0.038729116,0.9612709
RPPQFTRAQWFAIQHISLMPPRCTIAMRAINNYRWRCKNQNTFLR,0.038789455,0.9612105
RRKKAAVAALPAVLLALLAP,0.03886223,0.9611378
CQSQNHNTC,0.038932964,0.9610671
NWYLKKCANKSGNCRKKCRNGEMQTQPSTSRCPRAKICCI,0.039103948,0.9608961
GLSALISWIKRKRQQ,0.039145704,0.9608543
MFTFKKSMLLLFFLGTINLSLCEQERNADEEERRDDEDKRDVEVEKRFLGSLLGLVGKIVPTLICKISKKC,0.03915709,0.96084285
NRWWQGVVPTVSYECRMNSWQHVFTCC,0.039160386,0.9608396
VRLRIRWWVLRK,0.039198413,0.96080154
LSPVIGNLLKSLL,0.03924813,0.96075183
GLIGSIGKALGGLLVDVLKPKL,0.03926058,0.9607395
KKSYVRRWRS,0.039262038,0.96073794
AGCIKNGGRCNASAGPPYCCSSYCFQIAGQSYGVCKNR,0.039371487,0.9606285
MAKSATIVTLFFAALVFFAALEAPMVVEAQKLCERPSGTWSGVCGNSNACKNQCINLEKARHGSCNYVFPAHKCICYFPC,0.03938651,0.9606135
FITGLIGGLMKALGK,0.039390296,0.9606097
GELGRLVYLLDGPGYDPIHCDVVTRGGSHLFNF,0.039453264,0.96054673
LLKKLLKKC,0.039461557,0.96053845
VFLRRIRVIVIR,0.03946239,0.9605376
GWKSVFRKAKKVGKTVGGLALDHYL,0.039493784,0.96050614
SWLRDLWDWLCELLSDFK,0.039533764,0.9604662
PVCTRNGLPVCGETCVGGTCNTPGCTCSW,0.039692402,0.9603076
FFGSVLKLIPKIL,0.039833263,0.96016675
NAEEERRDEPDETDVEVEKRFLPIIAGIAAKFLPKIFCTISKKC,0.040041115,0.9599589
PDAVYLHRIDLGPPISLERLDVGTNLGNAIAKLED,0.040066324,0.95993364
GIGTKFLGGLKTAVKGALKELASTYVN,0.040083855,0.9599161
YTSLIHSLIEEEQNQQEKNEQELLELDKWASLWNWF,0.040102243,0.9598978
RRWWCRY,0.040130146,0.95986986
GGKFIHSAKKFGKAFVGEIMNS,0.040162552,0.95983744
GIFSLFKAGAKFFGKHLLKQAGKAGAEHLACKATNQC,0.04018492,0.9598151
GIFSLIKTAAKFVGKNLLKQAGKAGLEHLACKAKNEC,0.040227782,0.9597722
ILGAILPLVSGLLSNKL,0.040291857,0.95970815
YTSLIHSLIEENQNQQEKNEQELLELDKWASLWNWF,0.040355638,0.9596444
MANIKSALKRIEIAERNRLQNKSYKSAIKTLMKKTFQSVEAYASDPNPEKLDTINTSMAAAFSKIDKAVKCKVIHKNNAARKKARLAKALQSALPAA,0.040489923,0.9595101
GHKARVLAEAMSQVTNPATIM,0.040582925,0.95941705
KKKKVLLPFLFFV,0.04059489,0.9594051
LPLILRKIVTAL,0.040623274,0.95937675
QGYKGPYTRPILRPYVRPVVSYNACTLSCRGITTTQARSCCTRLGRCCHVAKGYS,0.040682822,0.9593172
TLKKSLLLLFFLGMISLSLCKQERDANEERRDNPDE,0.04077483,0.9592252
GIGSAILSAGKSALKGGLAGHFAN,0.040834706,0.9591653
VVHAPRRIARMTPLWRIMNSKPFGAYCQNNYECSTGLCRAGHCS,0.040865146,0.9591349
YTSLIHSLIEESQNQQEKNEQELLELDKWASLWNAF,0.040971175,0.9590288
QDKCKKVYENYPVSKCQLANQCNYDCKLDKHARSGECFYDEKRNLQCICDYCEY,0.04112594,0.95887405
HGPDSCNHDRGLCRVGNCNPGEYLAKYCFEPVILCCKPLSPTPTKT,0.0411454,0.9588546
GLLALISWIKRKRQQ,0.041495223,0.9585048
TSKKPLLLFFFLGTINLSLCEQ,0.041535653,0.9584644
RTCRCRFGRCFRRESYSGSCNINGRISSLCCR,0.04157895,0.95842105
IPFVASVATEMMHHVYCAASRRC,0.04158937,0.9584106
FAKKFAKKFAKKFAKKFAKKFAKK,0.041601997,0.958398
MSTKDFNLQLVSVSKKDSGASPPITSISLCTPGCKTGALMGANMKTATCHCSIHVSK,0.04171428,0.95828575
GLLQTIKEKLESLESLAKGIVSGIQAG,0.041755654,0.9582444
VSFAIKWEYVLL,0.04175857,0.95824146
GIGGKILSGLKTALKGAAKQLAATYLH,0.04179506,0.9582049
MNFYNIFVFVALILAITIGQSEAGWLKKIGKKIERVGQHTRDATIQGLGIAQQAANVAATARG,0.041926585,0.9580734
HSCVCRRICAARQVRKGRCSRRRRICCLY,0.041987665,0.95801234
GTWDDIGQGIGRVAYWVGKALGNLSDVNQASRINRKKKH,0.042025648,0.9579743
MFTLKKSMLLLFFLGTISLSLCEEERNADEDDGEKEVKRGIFALIKTAAKFVGKNLLKQAGKAGLEHLACKANNQC,0.042178474,0.95782155
GLWEKIREKANELVSGIVEGVK,0.042253733,0.95774627
RICRRRSAGFKGPCVSNKNCAQVCMQEGWGGGNCDGPLRRCKCMRRC,0.0424273,0.9575727
EFKRCWKGQGACRPYCTRHEAYMQLCPDASLCCLAYGLKMAKIENV,0.042516127,0.9574838
LLPIVGNLLKSLLG,0.042597633,0.9574024
RRRFPWWWPFLRRR,0.042677306,0.9573227
VNWKKILGKIIKVAK,0.04276956,0.95723045
YYGNGVTCGKHSCSVDWGKATTCIINNGAMAWATG,0.042771008,0.957229
KTCENLADTYRGPCFTTGSCDDHCKNKEHLLSGRCRDDVRCWCTRNC,0.04279909,0.9572009
DPTCSVLGDFKCNPGRCCSKINYCGACYQWRFGLTPAR,0.042803816,0.9571962
QIINNPITCMTNGAICWGPCPTAFRQIGNCGHFKVRCCKIR,0.042868007,0.957132
KWKKLLKKLLKLLKKLLK,0.042888656,0.95711136
GVVTDLLKTAGKLLGNLFGSLSG,0.042890858,0.9571091
ILRWPWWPWRRKMILKKAGS,0.043010496,0.95698947
AKRLKKLAKKIWKWK,0.043042198,0.9569578
GIGGKILSGLKTALKGAAKELASTYLH,0.043287512,0.9567125
HSLRERKVFTRVAISIAKTKYKLAVQRNLIKRQIRSLEDILVKQKLF,0.04358221,0.9564178
AVSCGTVTGDLAPCIPYLTGGAGPTDSCCAGVKKLLAAAPTTADRQAACNCLKTAAGNINNLNPGNAAALPGKCNVNIPYKISTTTNCNTIKF,0.04374335,0.9562567
QVYKGGYTRPIPRPPPFVRPLPGGPIGPYNGCPVSCRGISFSQARSCCSR,0.043921947,0.95607805
VTVNPYKWLP,0.043962035,0.95603794
KIAGYGLKGLAVIIKICIKGLNLIFEIIK,0.044040255,0.95595974
KWKSFIKKLTSKFLHSAKKF,0.04427893,0.955721
ILPFKFPFFPFRR,0.04439493,0.95560503
KKKSFIKLLTSAKVSVLTTAKPLISS,0.04440172,0.9555983
QRTTNLVCECCFNYCTPDVVRKYCY,0.0446015,0.9553985
GVIDAAKKVVNVLANLF,0.044654183,0.9553458
MKLFLLTLLLVTLVITPSLIQTTMAGSSFCDSKCKLRCSKAGLADRCLKYCGICCEECKCVPSGTYGNKHECPCYRDKKNSKGKSKCP,0.04483506,0.9551649
KPPSKPNNDFHFEVFNFVP,0.04483768,0.9551624
FLSLIPHIATGIAALAKHL,0.04486699,0.955133
RGARIVVIRVAR,0.04507439,0.9549256
GLHKVMREVLGYERNSYKKFFLR,0.04519479,0.9548052
NLAKGKEESLDSDLYAELRCMCIKTTSGIHPKNIQSLEVIGKGTHCNQVE,0.045260224,0.9547398
WASRELERFAVNPGLLETSEGCRQIL,0.04561326,0.9543867
MSTKDFNLDLVSVSKKDSGASPRITSISLCTPGCKTGALMGCAAKTATCHCSIHVSK,0.045631338,0.95436865
GKVWDWIKSTAKKLWNSEPVKELKNTALNAAKNLVAEKIGATPS,0.04565282,0.9543472
RPGGQIAIAIGESIRKKASNELKKATKSLWS,0.0457391,0.9542609
VFKCYKPDSRGFQVCE,0.045912754,0.95408726
PIDISIELNKAKSDLEESKEWIRRSNQKLDSIGNW,0.045915477,0.9540846
RIVWVRIRRWQV,0.04593957,0.95406044
RRGLLEVIRTVILLLRRL,0.04596048,0.9540395
KRHILRRMGNSGICRASCKKNEQPYLYCRNYQSCCLQSYMRISISGKEENTDWSYEKQWPRLP,0.045996115,0.9540039
AITCGQVNSAVGPCLTYARGGAGPSAACCSGVRSLKAAASSTADRRTACNCLKNAARGIKGLNAGNAASIPSKCGVSVPYTISASIDCSRVS,0.04608564,0.95391434
SSLLEKGLDGAKKAVGGLGKLGKDA,0.04629258,0.95370746
RHFSGGALIHARFVMTAASS,0.046476677,0.9535233
FIKHFIHRFGGGRWRWRWF,0.046518017,0.95348203
KYYGNGVHCGKKTCYVDWGQATASIGKIIVNGWTQHGPWAHR,0.04652853,0.9534715
LEAIPMSIPPEVKANKPFVF,0.046554152,0.95344585
AEVKIFMVRGTAIFSASRFPTSQKFTKYVRALNEKQAIEYIYSQLGGKNKIKRYNIHIQEIKEVKEDEITDKTIRDLAKLDKIIM,0.046571136,0.95342886
FLPIIGQLLSGLL,0.046743803,0.9532562
GPMRIPEKHRIVREYIRKFGLQLNEFVQETENAWYYIKNIRKKVHEVKKDPGLLKYPVKP,0.046823308,0.9531767
QVYKGGYTRPVPRPPFVRPLPGGPIGPYNGCPVSCRGISFSQARSCCSRLGRCCHVGKGYS,0.046886012,0.953114
TLLKKVLKAAAK,0.04689476,0.9531052
TITLSTCAILSKPLGNNGYLCTVTKECMPSCN,0.04697725,0.9530227
GVGDLIRKAVAAIKNIV,0.047092374,0.9529076
ILFSYLLFYVLKENSKREDKYQNIIEELTELLPKIKEDVEDIKEKLNK,0.047197297,0.9528027
KKKMVLGVFALLSLISGSLKK,0.047237597,0.9527624
MAKFASIIALLFAALVLFSAFEAPSMVEAQKLCEKSSGTWSGVCGNNNACKNQCINLEGARHGSCNYIFPYHRCICYFPC,0.047330834,0.95266914
KRKFHEKHHSHRGY,0.047532592,0.95246744
FKIKPGKVLDKFGKIVGKVLKQLKKVS,0.047602482,0.9523975
MKCKFCCNCRNLSGCGVCCDF,0.047850545,0.95214945
YQLLIRMIYKNI,0.04788249,0.95211756
ILGIITSLLKS,0.04793802,0.95206195
EPVPPGFTPFRLT,0.048064843,0.9519352
KKWQWRMKKLG,0.048121285,0.95187867
GRSEFKRCWKGQGACRTYCTRQETYMHLCPDASLCCLSYALKPPPVPKHEYE,0.048176385,0.95182365
FLFSLIPSAISGLISAFK,0.0484344,0.95156556
FLPLLVGAISSILPKIF,0.048456863,0.9515432
RKSAKKIGKRAKR,0.048502214,0.9514978
MKFLNVVAIALLVVACLSVYSNAAPHEGVKEVAAAKPMGITCDLLSLWKVGHAACAAHCLVLGNVGGYCTKEGLCVCKE,0.04859724,0.9514027
GLFKVLGSVAKHLLPHVAPIIAEKL,0.048778817,0.95122117
QRLFQVKGRR,0.048967317,0.9510327
AIGKFLHSAKKFGKAFVGEIMNS,0.04938037,0.9506196
TCGETCFGGTCNTPGCTCDPWPICTRDGLP,0.049395137,0.95060486
MKILYLLFAFLFLAFLSEPGNAYKRCHIKGGHCFPKEKICIPPSSDFGKMDCPWRRKCCKKGSGK,0.049402498,0.9505975
GLVDVLGKVGGLIKKLLPG,0.049460635,0.95053935
GCTQWINNIHGRICVRN,0.049469367,0.9505306
TMKKSLLLLFFLGTINLSLCEQEGNAEEETGDNPDQREDEVEKR,0.04955803,0.95044196
GIHRILKYGKPS,0.049598977,0.950401
KKKKLVAATYVLF,0.04972469,0.9502753
MEKKSLAALSFLLLLVLFVAQEIVVTEANTCEHLADTYRGVCFTNASCDDHCKNKAHLISGTCHDWKCFCTQNC,0.04972686,0.95027316
FIQYLAPLIPHAVKAISDLI,0.049774647,0.9502253
ELQREESPTGPPGSIRTWFQRIPLGWFHCTYQK,0.04990006,0.95009995
ADLEVVAATYVLDA,0.04994046,0.95005953
